No.,Time,Source,Destination,Protocol,Length,Type,Duration
26854,754.686935,10.8.0.61,147.32.83.234,TCP,60,out,0.000000 
26855,754.708988,147.32.83.234,10.8.0.61,TCP,60,in,0.022053 
26856,754.715689,10.8.0.61,147.32.83.234,TCP,52,out,0.006701 
26857,756.106663,10.8.0.61,147.32.83.234,TCP,1401,out,1.390974 
26858,756.106703,10.8.0.1,10.8.0.61,ICMP,576,in,0.000040 
26859,756.107989,10.8.0.61,147.32.83.234,TCP,1401,out,0.001286 
26860,756.108015,10.8.0.1,10.8.0.61,ICMP,576,in,0.000026 
26861,756.108039,10.8.0.61,147.32.83.234,TCP,328,out,0.000024 
26862,756.109076,147.32.83.234,10.8.0.61,TCP,64,in,0.001037 
26863,756.111395,10.8.0.61,147.32.83.234,TCP,1400,out,0.002319 
26864,756.111769,10.8.0.61,147.32.83.234,TCP,1400,out,0.000374 
26865,756.111995,10.8.0.61,147.32.83.234,TCP,54,out,0.000226 
26866,756.11275,147.32.83.234,10.8.0.61,TCP,64,in,0.000755 
26867,756.112766,147.32.83.234,10.8.0.61,TCP,64,in,0.000016 
26868,756.112788,147.32.83.234,10.8.0.61,TCP,52,in,0.000022 
26869,758.227124,147.32.83.234,10.8.0.61,TCP,59,in,2.114336 
26870,758.316469,10.8.0.61,147.32.83.234,TCP,52,out,0.089345 
26871,761.153449,10.8.0.61,147.32.83.234,TCP,1400,out,2.836980 
26872,761.154519,10.8.0.61,147.32.83.234,TCP,1400,out,0.001070 
26873,761.154575,10.8.0.61,147.32.83.234,TCP,283,out,0.000056 
26874,761.155582,147.32.83.234,10.8.0.61,TCP,52,in,0.001007 
26875,761.257071,10.8.0.61,147.32.83.234,TCP,88,out,0.101489 
26876,761.460683,147.32.83.234,10.8.0.61,TCP,52,in,0.203612 
26877,761.481741,10.8.0.61,147.32.83.234,TCP,88,out,0.021058 
26878,761.482756,147.32.83.234,10.8.0.61,TCP,64,in,0.001015 
26879,770.2263,147.32.83.234,10.8.0.61,TCP,59,in,8.743544 
26880,770.297573,10.8.0.61,147.32.83.234,TCP,52,out,0.071273 
26881,770.829631,10.8.0.61,147.32.83.234,TCP,88,out,0.532058 
26882,771.038863,147.32.83.234,10.8.0.61,TCP,52,in,0.209232 
26883,771.113482,10.8.0.61,147.32.83.234,TCP,88,out,0.074619 
26884,771.114831,147.32.83.234,10.8.0.61,TCP,64,in,0.001349 
26885,782.226144,147.32.83.234,10.8.0.61,TCP,59,in,11.111313 
26886,782.285336,10.8.0.61,147.32.83.234,TCP,52,out,0.059192 
26887,782.421768,10.8.0.61,147.32.83.234,TCP,88,out,0.136432 
26888,782.632504,147.32.83.234,10.8.0.61,TCP,52,in,0.210736 
26889,794.273331,147.32.83.234,10.8.0.61,TCP,59,in,11.640827 
26890,794.362138,10.8.0.61,147.32.83.234,TCP,52,out,0.088807 
26891,795.173123,10.8.0.61,147.32.83.234,TCP,88,out,0.810985 
26892,795.382301,147.32.83.234,10.8.0.61,TCP,52,in,0.209178 
26893,806.273336,147.32.83.234,10.8.0.61,TCP,59,in,10.891035 
26894,806.343592,10.8.0.61,147.32.83.234,TCP,52,out,0.070256 
26895,808.893489,10.8.0.61,147.32.83.234,TCP,88,out,2.549897 
26896,809.101356,147.32.83.234,10.8.0.61,TCP,52,in,0.207867 
26897,818.295237,147.32.83.234,10.8.0.61,TCP,59,in,9.193881 
26898,818.426884,10.8.0.61,147.32.83.234,TCP,52,out,0.131647 
26899,821.284377,10.8.0.61,147.32.83.234,TCP,1400,out,2.857493 
26900,821.285628,10.8.0.61,147.32.83.234,TCP,1400,out,0.001251 
26901,821.28568,10.8.0.61,147.32.83.234,TCP,283,out,0.000052 
26902,821.286663,147.32.83.234,10.8.0.61,TCP,52,in,0.000983 
26903,821.287628,147.32.83.234,10.8.0.61,TCP,52,in,0.000965 
26904,823.412943,10.8.0.61,147.32.83.234,TCP,88,out,2.125315 
26905,823.616339,147.32.83.234,10.8.0.61,TCP,52,in,0.203396 
26906,830.332531,147.32.83.234,10.8.0.61,TCP,59,in,6.716192 
26907,830.40912,10.8.0.61,147.32.83.234,TCP,52,out,0.076589 
26908,838.795458,10.8.0.61,147.32.83.234,TCP,88,out,8.386338 
26909,839.007335,147.32.83.234,10.8.0.61,TCP,52,in,0.211877 
26910,842.320607,147.32.83.234,10.8.0.61,TCP,59,in,3.313272 
26911,842.396284,10.8.0.61,147.32.83.234,TCP,52,out,0.075677 
26917,854.320802,147.32.83.234,10.8.0.61,TCP,59,in,11.924518 
26918,854.343824,10.8.0.61,147.32.83.234,TCP,88,out,0.023022 
26919,854.347222,10.8.0.61,147.32.83.234,TCP,52,out,0.003398 
26920,854.554435,147.32.83.234,10.8.0.61,TCP,52,in,0.207213 
26921,862.590891,147.32.83.234,10.8.0.61,TCP,88,in,8.036456 
26922,862.66612,10.8.0.61,147.32.83.234,TCP,52,out,0.075229 
26923,863.125642,10.8.0.61,147.32.83.234,TCP,332,out,0.459522 
26924,863.335651,147.32.83.234,10.8.0.61,TCP,52,in,0.210009 
26925,865.479719,10.8.0.61,147.32.83.234,TCP,88,out,2.144068 
26926,865.694594,147.32.83.234,10.8.0.61,TCP,52,in,0.214875 
26927,866.321049,147.32.83.234,10.8.0.61,TCP,59,in,0.626455 
26928,866.352684,10.8.0.61,147.32.83.234,TCP,52,out,0.031635 
26929,873.614068,10.8.0.61,147.32.83.234,TCP,88,out,7.261384 
26930,873.82002,147.32.83.234,10.8.0.61,TCP,52,in,0.205952 
26931,878.320789,147.32.83.234,10.8.0.61,TCP,59,in,4.500769 
26932,878.435127,10.8.0.61,147.32.83.234,TCP,52,out,0.114338 
26933,884.262387,10.8.0.61,147.32.83.234,TCP,88,out,5.827260 
26934,884.476219,147.32.83.234,10.8.0.61,TCP,52,in,0.213832 
26935,890.321277,147.32.83.234,10.8.0.61,TCP,59,in,5.845058 
26936,890.418345,10.8.0.61,147.32.83.234,TCP,52,out,0.097068 
26937,896.411222,10.8.0.61,147.32.83.234,TCP,88,out,5.992877 
26938,896.616752,147.32.83.234,10.8.0.61,TCP,52,in,0.205530 
26942,902.32106,147.32.83.234,10.8.0.61,TCP,59,in,5.704308 
26943,902.390115,10.8.0.61,147.32.83.234,TCP,52,out,0.069055 
26947,909.581113,10.8.0.61,147.32.83.234,TCP,88,out,7.190998 
26948,909.788865,147.32.83.234,10.8.0.61,TCP,52,in,0.207752 
26949,911.90197,147.32.83.234,10.8.0.61,TCP,98,in,2.113105 
26950,912.024156,10.8.0.61,147.32.83.234,TCP,52,out,0.122186 
26951,912.099272,10.8.0.61,147.32.83.234,TCP,312,out,0.075116 
26952,912.304647,147.32.83.234,10.8.0.61,TCP,52,in,0.205375 
26991,914.335846,147.32.83.234,10.8.0.61,TCP,59,in,2.031199 
26992,914.379998,10.8.0.61,147.32.83.234,TCP,52,out,0.044152 
26993,917.236305,10.8.0.61,147.32.83.234,TCP,88,out,2.856307 
26994,917.44465,147.32.83.234,10.8.0.61,TCP,52,in,0.208345 
27116,926.335957,147.32.83.234,10.8.0.61,TCP,59,in,8.891307 
27117,926.459613,10.8.0.61,147.32.83.234,TCP,52,out,0.123656 
27118,926.534744,10.8.0.61,147.32.83.234,TCP,88,out,0.075131 
27119,926.741961,147.32.83.234,10.8.0.61,TCP,52,in,0.207217 
27128,937.849002,10.8.0.61,147.32.83.234,TCP,88,out,11.107041 
27129,938.054203,147.32.83.234,10.8.0.61,TCP,52,in,0.205201 
27130,938.336065,147.32.83.234,10.8.0.61,TCP,59,in,0.281862 
27131,938.443551,10.8.0.61,147.32.83.234,TCP,52,out,0.107486 
27136,950.353736,147.32.83.234,10.8.0.61,TCP,59,in,11.910185 
27137,950.424981,10.8.0.61,147.32.83.234,TCP,52,out,0.071245 
27138,950.475216,10.8.0.61,147.32.83.234,TCP,88,out,0.050235 
27139,950.678812,147.32.83.234,10.8.0.61,TCP,52,in,0.203596 
27146,960.931169,147.32.83.234,10.8.0.61,TCP,98,in,10.252357 
27147,960.97255,10.8.0.61,147.32.83.234,TCP,52,out,0.041381 
27148,960.988055,10.8.0.61,147.32.83.234,TCP,196,out,0.015505 
27149,961.194864,147.32.83.234,10.8.0.61,TCP,52,in,0.206809 
27150,962.041111,10.8.0.61,147.32.83.234,TCP,88,out,0.846247 
27151,962.256577,147.32.83.234,10.8.0.61,TCP,52,in,0.215466 
27152,962.366245,147.32.83.234,10.8.0.61,TCP,59,in,0.109668 
27153,962.447108,10.8.0.61,147.32.83.234,TCP,52,out,0.080863 
27154,969.5753,10.8.0.61,147.32.83.234,TCP,88,out,7.128192 
27155,969.788361,147.32.83.234,10.8.0.61,TCP,52,in,0.213061 
27160,974.376638,147.32.83.234,10.8.0.61,TCP,59,in,4.588277 
27161,974.489068,10.8.0.61,147.32.83.234,TCP,52,out,0.112430 
27162,979.677452,10.8.0.61,147.32.83.234,TCP,88,out,5.188384 
27163,979.881739,147.32.83.234,10.8.0.61,TCP,52,in,0.204287 
27164,986.367676,147.32.83.234,10.8.0.61,TCP,59,in,6.485937 
27165,986.470582,10.8.0.61,147.32.83.234,TCP,52,out,0.102906 
27201,991.46587,10.8.0.61,147.32.83.234,TCP,88,out,4.995288 
27206,991.678881,147.32.83.234,10.8.0.61,TCP,52,in,0.213011 
27207,995.88287,147.32.83.234,10.8.0.61,TCP,94,in,4.203989 
27208,995.99609,10.8.0.61,147.32.83.234,TCP,52,out,0.113220 
27209,996.273608,10.8.0.61,147.32.83.234,TCP,245,out,0.277518 
27210,996.475932,147.32.83.234,10.8.0.61,TCP,52,in,0.202324 
27211,998.399609,147.32.83.234,10.8.0.61,TCP,59,in,1.923677 
27212,998.452886,10.8.0.61,147.32.83.234,TCP,52,out,0.053277 
27213,999.774463,10.8.0.61,147.32.83.234,TCP,88,out,1.321577 
27214,999.980159,147.32.83.234,10.8.0.61,TCP,52,in,0.205696 
27215,1008.593753,10.8.0.61,147.32.83.234,TCP,88,out,8.613594 
27216,1008.804064,147.32.83.234,10.8.0.61,TCP,52,in,0.210311 
27217,1010.401789,147.32.83.234,10.8.0.61,TCP,59,in,1.597725 
27218,1010.433886,10.8.0.61,147.32.83.234,TCP,52,out,0.032097 
27219,1016.199711,147.32.83.234,10.8.0.61,TCP,101,in,5.765825 
27220,1016.270058,10.8.0.61,147.32.83.234,TCP,52,out,0.070347 
27221,1016.506074,10.8.0.61,147.32.83.234,TCP,256,out,0.236016 
27222,1016.71077,147.32.83.234,10.8.0.61,TCP,52,in,0.204696 
27223,1017.757809,10.8.0.61,147.32.83.234,TCP,88,out,1.047039 
27224,1017.960094,147.32.83.234,10.8.0.61,TCP,52,in,0.202285 
27225,1022.413491,147.32.83.234,10.8.0.61,TCP,59,in,4.453397 
27226,1022.517455,10.8.0.61,147.32.83.234,TCP,52,out,0.103964 
27227,1025.347977,10.8.0.61,147.32.83.234,TCP,88,out,2.830522 
27228,1025.554269,147.32.83.234,10.8.0.61,TCP,52,in,0.206292 
27247,1034.429494,147.32.83.234,10.8.0.61,TCP,59,in,8.875225 
27248,1034.498414,10.8.0.61,147.32.83.234,TCP,52,out,0.068920 
27249,1035.554975,10.8.0.61,147.32.83.234,TCP,88,out,1.056561 
27250,1035.75701,147.32.83.234,10.8.0.61,TCP,52,in,0.202035 
27251,1036.214289,147.32.83.234,10.8.0.61,TCP,152,in,0.457279 
27252,1036.345615,10.8.0.61,147.32.83.234,TCP,52,out,0.131326 
27253,1037.104676,10.8.0.61,147.32.83.234,TCP,1400,out,0.759061 
27254,1037.104744,10.8.0.61,147.32.83.234,TCP,1400,out,0.000068 
27255,1037.104967,10.8.0.61,147.32.83.234,TCP,1400,out,0.000223 
27256,1037.105892,147.32.83.234,10.8.0.61,TCP,52,in,0.000925 
27257,1037.106142,10.8.0.61,147.32.83.234,TCP,1400,out,0.000250 
27258,1037.106609,147.32.83.234,10.8.0.61,TCP,52,in,0.000467 
27259,1037.107505,10.8.0.61,147.32.83.234,TCP,989,out,0.000896 
27260,1037.108436,147.32.83.234,10.8.0.61,TCP,52,in,0.000931 
27261,1042.417811,10.8.0.61,147.32.83.234,TCP,88,out,5.309375 
27262,1042.616487,147.32.83.234,10.8.0.61,TCP,52,in,0.198676 
27263,1046.414204,147.32.83.234,10.8.0.61,TCP,59,in,3.797717 
27264,1046.479614,10.8.0.61,147.32.83.234,TCP,52,out,0.065410 
27265,1051.936023,10.8.0.61,147.32.83.234,TCP,88,out,5.456409 
27266,1052.147968,147.32.83.234,10.8.0.61,TCP,52,in,0.211945 
27267,1058.41799,147.32.83.234,10.8.0.61,TCP,59,in,6.270022 
27268,1058.461166,10.8.0.61,147.32.83.234,TCP,52,out,0.043176 
27269,1063.365743,10.8.0.61,147.32.83.234,TCP,88,out,4.904577 
27270,1063.569551,147.32.83.234,10.8.0.61,TCP,52,in,0.203808 
27271,1068.086739,147.32.83.234,10.8.0.61,TCP,152,in,4.517188 
27272,1068.192543,10.8.0.61,147.32.83.234,TCP,52,out,0.105804 
27273,1069.202803,10.8.0.61,147.32.83.234,TCP,1400,out,1.010260 
27274,1069.20287,10.8.0.61,147.32.83.234,TCP,1400,out,0.000067 
27275,1069.202908,10.8.0.61,147.32.83.234,TCP,1400,out,0.000038 
27276,1069.20381,147.32.83.234,10.8.0.61,TCP,52,in,0.000902 
27277,1069.204144,10.8.0.61,147.32.83.234,TCP,1400,out,0.000334 
27278,1069.204487,10.8.0.61,147.32.83.234,TCP,1400,out,0.000343 
27279,1069.204542,10.8.0.61,147.32.83.234,TCP,1178,out,0.000055 
27280,1069.205294,147.32.83.234,10.8.0.61,TCP,52,in,0.000752 
27281,1069.206971,147.32.83.234,10.8.0.61,TCP,52,in,0.001677 
27282,1070.413361,147.32.83.234,10.8.0.61,TCP,59,in,1.206390 
27283,1070.543132,10.8.0.61,147.32.83.234,TCP,52,out,0.129771 
27284,1070.88437,147.32.83.234,10.8.0.61,TCP,152,in,0.341238 
27285,1070.957201,10.8.0.61,147.32.83.234,TCP,52,out,0.072831 
27286,1071.355269,147.32.83.234,10.8.0.61,TCP,70,in,0.398068 
27287,1071.429756,10.8.0.61,147.32.83.234,TCP,88,out,0.074487 
27288,1071.466839,10.8.0.61,147.32.83.234,TCP,52,out,0.037083 
27289,1071.569613,10.8.0.61,147.32.83.234,TCP,1400,out,0.102774 
27290,1071.569669,10.8.0.61,147.32.83.234,TCP,1400,out,0.000056 
27291,1071.569881,10.8.0.61,147.32.83.234,TCP,1400,out,0.000212 
27292,1071.570658,147.32.83.234,10.8.0.61,TCP,52,in,0.000777 
27293,1071.570765,10.8.0.61,147.32.83.234,TCP,1400,out,0.000107 
27294,1071.571114,10.8.0.61,147.32.83.234,TCP,1400,out,0.000349 
27295,1071.572073,147.32.83.234,10.8.0.61,TCP,52,in,0.000959 
27296,1071.572598,147.32.83.234,10.8.0.61,TCP,52,in,0.000525 
27297,1071.572965,10.8.0.61,147.32.83.234,TCP,1178,out,0.000367 
27298,1071.772697,147.32.83.234,10.8.0.61,TCP,52,in,0.199732 
27299,1074.195277,147.32.83.234,10.8.0.61,TCP,152,in,2.422580 
27300,1074.231092,10.8.0.61,147.32.83.234,TCP,52,out,0.035815 
27301,1074.702318,10.8.0.61,147.32.83.234,TCP,1400,out,0.471226 
27302,1074.702388,10.8.0.61,147.32.83.234,TCP,1400,out,0.000070 
27303,1074.702424,10.8.0.61,147.32.83.234,TCP,1400,out,0.000036 
27304,1074.702706,10.8.0.61,147.32.83.234,TCP,1400,out,0.000282 
27305,1074.703459,147.32.83.234,10.8.0.61,TCP,52,in,0.000753 
27306,1074.703775,10.8.0.61,147.32.83.234,TCP,1400,out,0.000316 
27307,1074.703833,10.8.0.61,147.32.83.234,TCP,1178,out,0.000058 
27308,1074.70468,147.32.83.234,10.8.0.61,TCP,52,in,0.000847 
27309,1075.019107,10.8.0.61,147.32.83.234,TCP,1400,out,0.314427 
27310,1075.019172,10.8.0.61,147.32.83.234,TCP,1400,out,0.000065 
27311,1075.019495,10.8.0.61,147.32.83.234,TCP,1400,out,0.000323 
27312,1075.020262,147.32.83.234,10.8.0.61,TCP,52,in,0.000767 
27313,1075.020668,10.8.0.61,147.32.83.234,TCP,1400,out,0.000406 
27314,1075.020728,10.8.0.61,147.32.83.234,TCP,721,out,0.000060 
27315,1075.021527,147.32.83.234,10.8.0.61,TCP,52,in,0.000799 
27316,1075.132787,147.32.83.234,10.8.0.61,TCP,70,in,0.111260 
27317,1075.256337,10.8.0.61,147.32.83.234,TCP,52,out,0.123550 
27318,1076.025482,147.32.83.234,10.8.0.61,TCP,152,in,0.769145 
27319,1076.076906,10.8.0.61,147.32.83.234,TCP,52,out,0.051424 
27320,1076.472658,10.8.0.61,147.32.83.234,TCP,88,out,0.395752 
27321,1076.524732,10.8.0.61,147.32.83.234,TCP,1400,out,0.052074 
27322,1076.525789,147.32.83.234,10.8.0.61,TCP,52,in,0.001057 
27323,1076.526168,10.8.0.61,147.32.83.234,TCP,1400,out,0.000379 
27324,1076.526244,10.8.0.61,147.32.83.234,TCP,1400,out,0.000076 
27325,1076.526559,10.8.0.61,147.32.83.234,TCP,1400,out,0.000315 
27326,1076.526749,10.8.0.61,147.32.83.234,TCP,1400,out,0.000190 
27327,1076.527107,147.32.83.234,10.8.0.61,TCP,52,in,0.000358 
27328,1076.5276,147.32.83.234,10.8.0.61,TCP,52,in,0.000493 
27329,1076.528616,10.8.0.61,147.32.83.234,TCP,1178,out,0.001016 
27330,1076.533641,147.32.83.234,10.8.0.61,TCP,52,in,0.005025 
27331,1076.850118,10.8.0.61,147.32.83.234,TCP,1400,out,0.316477 
27332,1076.850201,10.8.0.61,147.32.83.234,TCP,1400,out,0.000083 
27333,1076.850243,10.8.0.61,147.32.83.234,TCP,1400,out,0.000042 
27334,1076.851228,147.32.83.234,10.8.0.61,TCP,52,in,0.000985 
27335,1076.851698,10.8.0.61,147.32.83.234,TCP,1400,out,0.000470 
27336,1076.851755,10.8.0.61,147.32.83.234,TCP,721,out,0.000057 
27337,1076.852494,147.32.83.234,10.8.0.61,TCP,52,in,0.000739 
27338,1079.819751,147.32.83.234,10.8.0.61,TCP,70,in,2.967257 
27339,1079.863363,10.8.0.61,147.32.83.234,TCP,52,out,0.043612 
27340,1082.337055,10.8.0.61,147.32.83.234,TCP,88,out,2.473692 
27341,1082.439526,147.32.83.234,10.8.0.61,TCP,59,in,0.102471 
27342,1082.52705,10.8.0.61,147.32.83.234,TCP,52,out,0.087524 
27343,1090.606182,10.8.0.61,147.32.83.234,TCP,88,out,8.079132 
27344,1090.804264,147.32.83.234,10.8.0.61,TCP,52,in,0.198082 
27345,1090.915019,10.8.0.61,147.32.83.234,TCP,88,out,0.110755 
27346,1090.915699,147.32.83.234,10.8.0.61,TCP,64,in,0.000680 
27347,1094.429445,147.32.83.234,10.8.0.61,TCP,59,in,3.513746 
27348,1094.509673,10.8.0.61,147.32.83.234,TCP,52,out,0.080228 
27349,1101.259425,10.8.0.61,147.32.83.234,TCP,88,out,6.749752 
27350,1101.476337,147.32.83.234,10.8.0.61,TCP,52,in,0.216912 
27351,1106.431586,147.32.83.234,10.8.0.61,TCP,59,in,4.955249 
27352,1106.4891,10.8.0.61,147.32.83.234,TCP,52,out,0.057514 
27353,1110.006786,10.8.0.61,147.32.83.234,TCP,1400,out,3.517686 
27354,1110.007946,10.8.0.61,147.32.83.234,TCP,1400,out,0.001160 
27355,1110.008002,10.8.0.61,147.32.83.234,TCP,283,out,0.000056 
27356,1110.008859,147.32.83.234,10.8.0.61,TCP,52,in,0.000857 
27357,1110.009564,147.32.83.234,10.8.0.61,TCP,52,in,0.000705 
27414,1113.44948,10.8.0.61,147.32.83.234,TCP,88,out,3.439916 
27415,1113.647762,147.32.83.234,10.8.0.61,TCP,52,in,0.198282 
27416,1116.961905,147.32.83.234,10.8.0.61,TCP,89,in,3.314143 
27417,1117.036633,10.8.0.61,147.32.83.234,TCP,52,out,0.074728 
27418,1117.300158,10.8.0.61,147.32.83.234,TCP,332,out,0.263525 
27419,1117.507465,147.32.83.234,10.8.0.61,TCP,52,in,0.207307 
27420,1118.429183,147.32.83.234,10.8.0.61,TCP,59,in,0.921718 
27421,1118.471329,10.8.0.61,147.32.83.234,TCP,52,out,0.042146 
27422,1121.504443,10.8.0.61,147.32.83.234,TCP,88,out,3.033114 
27423,1121.710357,147.32.83.234,10.8.0.61,TCP,52,in,0.205914 
27426,1130.429925,147.32.83.234,10.8.0.61,TCP,59,in,8.719568 
27427,1130.543312,10.8.0.61,147.32.83.234,TCP,88,out,0.113387 
27428,1130.545356,10.8.0.61,147.32.83.234,TCP,52,out,0.002044 
27429,1130.742118,147.32.83.234,10.8.0.61,TCP,52,in,0.196762 
27434,1141.725163,10.8.0.61,147.32.83.234,TCP,88,out,10.983045 
27435,1141.929406,147.32.83.234,10.8.0.61,TCP,52,in,0.204243 
27436,1142.429567,147.32.83.234,10.8.0.61,TCP,59,in,0.500161 
27437,1142.532982,10.8.0.61,147.32.83.234,TCP,52,out,0.103415 
27440,1149.265577,147.32.83.234,10.8.0.61,TCP,97,in,6.732595 
27441,1149.394636,10.8.0.61,147.32.83.234,TCP,52,out,0.129059 
27442,1149.56968,10.8.0.61,147.32.83.234,TCP,258,out,0.175044 
27443,1149.772965,147.32.83.234,10.8.0.61,TCP,52,in,0.203285 
27444,1151.421773,10.8.0.61,147.32.83.234,TCP,88,out,1.648808 
27445,1151.632306,147.32.83.234,10.8.0.61,TCP,52,in,0.210533 
27446,1154.448895,147.32.83.234,10.8.0.61,TCP,59,in,2.816589 
27447,1154.514106,10.8.0.61,147.32.83.234,TCP,52,out,0.065211 
27448,1159.266141,10.8.0.61,147.32.83.234,TCP,88,out,4.752035 
27449,1159.47616,147.32.83.234,10.8.0.61,TCP,52,in,0.210019 
27450,1161.775658,147.32.83.234,10.8.0.61,TCP,102,in,2.299498 
27451,1161.887561,10.8.0.61,147.32.83.234,TCP,52,out,0.111903 
27452,1161.999049,10.8.0.61,147.32.83.234,TCP,529,out,0.111488 
27453,1162.194884,147.32.83.234,10.8.0.61,TCP,52,in,0.195835 
27454,1166.416812,10.8.0.61,147.32.83.234,TCP,88,out,4.221928 
27455,1166.444975,147.32.83.234,10.8.0.61,TCP,59,in,0.028163 
27456,1166.450333,10.8.0.61,147.32.83.234,TCP,52,out,0.005358 
27457,1175.408378,10.8.0.61,147.32.83.234,TCP,88,out,8.958045 
27458,1175.616461,147.32.83.234,10.8.0.61,TCP,52,in,0.208083 
27466,1178.449075,147.32.83.234,10.8.0.61,TCP,59,in,2.832614 
27467,1178.575505,10.8.0.61,147.32.83.234,TCP,52,out,0.126430 
27468,1186.400547,10.8.0.61,147.32.83.234,TCP,88,out,7.825042 
27469,1186.61692,147.32.83.234,10.8.0.61,TCP,52,in,0.216373 
27470,1190.445599,147.32.83.234,10.8.0.61,TCP,59,in,3.828679 
27471,1190.560045,10.8.0.61,147.32.83.234,TCP,52,out,0.114446 
27472,1199.037953,10.8.0.61,147.32.83.234,TCP,88,out,8.477908 
27473,1199.241488,147.32.83.234,10.8.0.61,TCP,52,in,0.203535 
27474,1202.445487,147.32.83.234,10.8.0.61,TCP,59,in,3.203999 
27475,1202.542059,10.8.0.61,147.32.83.234,TCP,52,out,0.096572 
27479,1210.488211,147.32.83.234,10.8.0.61,TCP,133,in,7.946152 
27480,1210.52873,10.8.0.61,147.32.83.234,TCP,52,out,0.040519 
27481,1210.741214,10.8.0.61,147.32.83.234,TCP,247,out,0.212484 
27482,1210.944318,147.32.83.234,10.8.0.61,TCP,52,in,0.203104 
27483,1211.220857,10.8.0.61,147.32.83.234,TCP,88,out,0.276539 
27484,1211.428883,147.32.83.234,10.8.0.61,TCP,52,in,0.208026 
27485,1214.453405,147.32.83.234,10.8.0.61,TCP,59,in,3.024522 
27486,1214.523203,10.8.0.61,147.32.83.234,TCP,52,out,0.069798 
27487,1218.380946,10.8.0.61,147.32.83.234,TCP,88,out,3.857743 
27488,1218.585185,147.32.83.234,10.8.0.61,TCP,52,in,0.204239 
27489,1226.44492,147.32.83.234,10.8.0.61,TCP,59,in,7.859735 
27490,1226.504445,10.8.0.61,147.32.83.234,TCP,52,out,0.059525 
27491,1228.010222,147.32.83.234,10.8.0.61,TCP,102,in,1.505777 
27492,1228.048248,10.8.0.61,147.32.83.234,TCP,52,out,0.038026 
27493,1228.107471,10.8.0.61,147.32.83.234,TCP,88,out,0.059223 
27494,1228.319214,147.32.83.234,10.8.0.61,TCP,52,in,0.211743 
27495,1228.451401,10.8.0.61,147.32.83.234,TCP,529,out,0.132187 
27496,1228.663812,147.32.83.234,10.8.0.61,TCP,52,in,0.212411 
27497,1234.926382,10.8.0.61,147.32.83.234,TCP,88,out,6.262570 
27498,1235.131655,147.32.83.234,10.8.0.61,TCP,52,in,0.205273 
27499,1238.446625,147.32.83.234,10.8.0.61,TCP,59,in,3.314970 
27500,1238.586312,10.8.0.61,147.32.83.234,TCP,52,out,0.139687 
27501,1244.628006,10.8.0.61,147.32.83.234,TCP,88,out,6.041694 
27502,1244.835129,147.32.83.234,10.8.0.61,TCP,52,in,0.207123 
27503,1250.445177,147.32.83.234,10.8.0.61,TCP,59,in,5.610048 
27504,1250.568764,10.8.0.61,147.32.83.234,TCP,52,out,0.123587 
27505,1256.088797,10.8.0.61,147.32.83.234,TCP,88,out,5.520033 
27506,1256.288215,147.32.83.234,10.8.0.61,TCP,52,in,0.199418 
27507,1262.445306,147.32.83.234,10.8.0.61,TCP,59,in,6.157091 
27508,1262.554995,10.8.0.61,147.32.83.234,TCP,52,out,0.109689 
27509,1268.890937,10.8.0.61,147.32.83.234,TCP,88,out,6.335942 
27510,1269.100849,147.32.83.234,10.8.0.61,TCP,52,in,0.209912 
27511,1272.921255,147.32.83.234,10.8.0.61,TCP,110,in,3.820406 
27512,1272.996769,10.8.0.61,147.32.83.234,TCP,52,out,0.075514 
27514,1273.042687,10.8.0.61,147.32.83.234,TCP,160,out,0.045918 
27516,1273.241489,147.32.83.234,10.8.0.61,TCP,52,in,0.198802 
27517,1274.444756,147.32.83.234,10.8.0.61,TCP,59,in,1.203267 
27518,1274.534818,10.8.0.61,147.32.83.234,TCP,52,out,0.090062 
27519,1277.187001,10.8.0.61,147.32.83.234,TCP,88,out,2.652183 
27520,1277.397921,147.32.83.234,10.8.0.61,TCP,52,in,0.210920 
27521,1286.170116,10.8.0.61,147.32.83.234,TCP,88,out,8.772195 
27522,1286.382112,147.32.83.234,10.8.0.61,TCP,52,in,0.211996 
27523,1286.445416,147.32.83.234,10.8.0.61,TCP,59,in,0.063304 
27524,1286.514481,10.8.0.61,147.32.83.234,TCP,52,out,0.069065 
27525,1297.287984,10.8.0.61,147.32.83.234,TCP,88,out,10.773503 
27526,1297.491368,147.32.83.234,10.8.0.61,TCP,52,in,0.203384 
27527,1298.454297,147.32.83.234,10.8.0.61,TCP,59,in,0.962929 
27528,1298.496281,10.8.0.61,147.32.83.234,TCP,52,out,0.041984 
27529,1300.600693,147.32.83.234,10.8.0.61,TCP,110,in,2.104412 
27530,1300.646564,10.8.0.61,147.32.83.234,TCP,52,out,0.045871 
27531,1300.817304,10.8.0.61,147.32.83.234,TCP,160,out,0.170740 
27532,1301.022459,147.32.83.234,10.8.0.61,TCP,52,in,0.205155 
27533,1301.518532,147.32.83.234,10.8.0.61,TCP,110,in,0.496073 
27534,1301.568006,10.8.0.61,147.32.83.234,TCP,52,out,0.049474 
27535,1301.587502,10.8.0.61,147.32.83.234,TCP,160,out,0.019496 
27536,1301.788376,147.32.83.234,10.8.0.61,TCP,52,in,0.200874 
27537,1304.526431,10.8.0.61,147.32.83.234,TCP,88,out,2.738055 
27538,1304.725418,147.32.83.234,10.8.0.61,TCP,52,in,0.198987 
27539,1310.444859,147.32.83.234,10.8.0.61,TCP,59,in,5.719441 
27540,1310.517182,10.8.0.61,147.32.83.234,TCP,52,out,0.072323 
27541,1312.880207,10.8.0.61,147.32.83.234,TCP,88,out,2.363025 
27542,1313.085026,147.32.83.234,10.8.0.61,TCP,52,in,0.204819 
27543,1322.446893,147.32.83.234,10.8.0.61,TCP,59,in,9.361867 
27544,1322.558675,10.8.0.61,147.32.83.234,TCP,52,out,0.111782 
27545,1323.607263,10.8.0.61,147.32.83.234,TCP,88,out,1.048588 
27546,1323.818813,147.32.83.234,10.8.0.61,TCP,52,in,0.211550 
27550,1334.444991,147.32.83.234,10.8.0.61,TCP,59,in,10.626178 
27551,1334.543026,10.8.0.61,147.32.83.234,TCP,52,out,0.098035 
27552,1335.927472,10.8.0.61,147.32.83.234,TCP,88,out,1.384446 
27553,1336.132145,147.32.83.234,10.8.0.61,TCP,52,in,0.204673 
27554,1342.029346,147.32.83.234,10.8.0.61,TCP,93,in,5.897201 
27555,1342.116853,10.8.0.61,147.32.83.234,TCP,52,out,0.087507 
27556,1342.518442,10.8.0.61,147.32.83.234,TCP,282,out,0.401589 
27557,1342.725378,147.32.83.234,10.8.0.61,TCP,52,in,0.206936 
27558,1345.300805,10.8.0.61,147.32.83.234,TCP,88,out,2.575427 
27559,1345.506539,147.32.83.234,10.8.0.61,TCP,52,in,0.205734 
27560,1346.444666,147.32.83.234,10.8.0.61,TCP,59,in,0.938127 
27561,1346.521659,10.8.0.61,147.32.83.234,TCP,52,out,0.076993 
27562,1353.662615,10.8.0.61,147.32.83.234,TCP,88,out,7.140956 
27563,1353.865831,147.32.83.234,10.8.0.61,TCP,52,in,0.203216 
27564,1358.444806,147.32.83.234,10.8.0.61,TCP,59,in,4.578975 
27565,1358.501619,10.8.0.61,147.32.83.234,TCP,52,out,0.056813 
27566,1364.386521,10.8.0.61,147.32.83.234,TCP,88,out,5.884902 
27567,1364.585091,147.32.83.234,10.8.0.61,TCP,52,in,0.198570 
27568,1368.662684,10.8.0.61,147.32.83.234,TCP,1401,out,4.077593 
27569,1368.662724,10.8.0.1,10.8.0.61,ICMP,576,in,0.000040 
27570,1368.663862,10.8.0.61,147.32.83.234,TCP,1401,out,0.001138 
27571,1368.66389,10.8.0.1,10.8.0.61,ICMP,576,in,0.000028 
27572,1368.663915,10.8.0.61,147.32.83.234,TCP,281,out,0.000025 
27573,1368.664732,147.32.83.234,10.8.0.61,TCP,64,in,0.000817 
27574,1368.666879,10.8.0.61,147.32.83.234,TCP,1400,out,0.002147 
27575,1368.667161,10.8.0.61,147.32.83.234,TCP,1400,out,0.000282 
27576,1368.667316,10.8.0.61,147.32.83.234,TCP,54,out,0.000155 
27577,1368.667842,147.32.83.234,10.8.0.61,TCP,64,in,0.000526 
27578,1368.66817,147.32.83.234,10.8.0.61,TCP,64,in,0.000328 
27579,1368.668183,147.32.83.234,10.8.0.61,TCP,52,in,0.000013 
27580,1368.673604,147.32.83.234,10.8.0.61,TCP,52,in,0.005421 
27581,1368.946458,147.32.83.234,10.8.0.61,TCP,99,in,0.272854 
27582,1369.051894,10.8.0.61,147.32.83.234,TCP,52,out,0.105436 
27583,1369.229416,10.8.0.61,147.32.83.234,TCP,109,out,0.177522 
27584,1369.428669,147.32.83.234,10.8.0.61,TCP,52,in,0.199253 
27585,1370.444812,147.32.83.234,10.8.0.61,TCP,59,in,1.016143 
27586,1370.487246,10.8.0.61,147.32.83.234,TCP,52,out,0.042434 
27587,1372.588447,10.8.0.61,147.32.83.234,TCP,88,out,2.101201 
27588,1372.788265,147.32.83.234,10.8.0.61,TCP,52,in,0.199818 
27589,1374.70894,10.8.0.61,147.32.83.234,TCP,1400,out,1.920675 
27590,1374.709011,10.8.0.61,147.32.83.234,TCP,1400,out,0.000071 
27591,1374.709328,10.8.0.61,147.32.83.234,TCP,285,out,0.000317 
27592,1374.710456,147.32.83.234,10.8.0.61,TCP,52,in,0.001128 
27593,1374.710989,147.32.83.234,10.8.0.61,TCP,52,in,0.000533 
27594,1381.475189,10.8.0.61,147.32.83.234,TCP,88,out,6.764200 
27595,1381.678438,147.32.83.234,10.8.0.61,TCP,52,in,0.203249 
27596,1382.452353,147.32.83.234,10.8.0.61,TCP,59,in,0.773915 
27597,1382.570327,10.8.0.61,147.32.83.234,TCP,52,out,0.117974 
27598,1392.342057,10.8.0.61,147.32.83.234,TCP,88,out,9.771730 
27599,1392.553395,147.32.83.234,10.8.0.61,TCP,52,in,0.211338 
27600,1394.446687,147.32.83.234,10.8.0.61,TCP,59,in,1.893292 
27601,1394.551809,10.8.0.61,147.32.83.234,TCP,52,out,0.105122 
27602,1404.718882,10.8.0.61,147.32.83.234,TCP,88,out,10.167073 
27603,1404.928571,147.32.83.234,10.8.0.61,TCP,52,in,0.209689 
27604,1405.516783,147.32.83.234,10.8.0.61,TCP,99,in,0.588212 
27605,1405.610476,10.8.0.61,147.32.83.234,TCP,52,out,0.093693 
27606,1405.872746,10.8.0.61,147.32.83.234,TCP,109,out,0.262270 
27607,1406.085277,147.32.83.234,10.8.0.61,TCP,52,in,0.212531 
27608,1406.444929,147.32.83.234,10.8.0.61,TCP,59,in,0.359652 
27609,1406.53246,10.8.0.61,147.32.83.234,TCP,52,out,0.087531 
27610,1411.703027,10.8.0.61,147.32.83.234,TCP,88,out,5.170567 
27611,1411.913231,147.32.83.234,10.8.0.61,TCP,52,in,0.210204 
27612,1418.448362,147.32.83.234,10.8.0.61,TCP,59,in,6.535131 
27613,1418.512796,10.8.0.61,147.32.83.234,TCP,52,out,0.064434 
27614,1421.162746,10.8.0.61,147.32.83.234,TCP,88,out,2.649950 
27615,1421.365939,147.32.83.234,10.8.0.61,TCP,52,in,0.203193 
27616,1429.918105,147.32.83.234,10.8.0.61,TCP,97,in,8.552166 
27617,1429.982063,10.8.0.61,147.32.83.234,TCP,52,out,0.063958 
27618,1430.252027,10.8.0.61,147.32.83.234,TCP,107,out,0.269964 
27619,1430.444825,147.32.83.234,10.8.0.61,TCP,59,in,0.192798 
27620,1430.497539,10.8.0.61,147.32.83.234,TCP,52,out,0.052714 
27621,1431.117228,10.8.0.61,147.32.83.234,TCP,88,out,0.619689 
27622,1431.319315,147.32.83.234,10.8.0.61,TCP,52,in,0.202087 
27623,1438.708177,10.8.0.61,147.32.83.234,TCP,88,out,7.388862 
27624,1438.913034,147.32.83.234,10.8.0.61,TCP,52,in,0.204857 
27625,1442.444857,147.32.83.234,10.8.0.61,TCP,59,in,3.531823 
27626,1442.577905,10.8.0.61,147.32.83.234,TCP,52,out,0.133048 
27627,1448.800853,10.8.0.61,147.32.83.234,TCP,88,out,6.222948 
27628,1449.006397,147.32.83.234,10.8.0.61,TCP,52,in,0.205544 
27629,1454.299292,147.32.83.234,10.8.0.61,TCP,99,in,5.292895 
27630,1454.353042,10.8.0.61,147.32.83.234,TCP,52,out,0.053750 
27631,1454.445191,147.32.83.234,10.8.0.61,TCP,59,in,0.092149 
27632,1454.554759,10.8.0.61,147.32.83.234,TCP,52,out,0.109568 
27633,1454.593821,10.8.0.61,147.32.83.234,TCP,109,out,0.039062 
27634,1454.803785,147.32.83.234,10.8.0.61,TCP,52,in,0.209964 
27635,1457.348863,10.8.0.61,147.32.83.234,TCP,88,out,2.545078 
27636,1457.553781,147.32.83.234,10.8.0.61,TCP,52,in,0.204918 
27637,1465.938698,10.8.0.61,147.32.83.234,TCP,88,out,8.384917 
27638,1466.147356,147.32.83.234,10.8.0.61,TCP,52,in,0.208658 
27639,1466.452716,147.32.83.234,10.8.0.61,TCP,59,in,0.305360 
27640,1466.54068,10.8.0.61,147.32.83.234,TCP,52,out,0.087964 
27641,1475.462163,147.32.83.234,10.8.0.61,TCP,98,in,8.921483 
27642,1475.546168,10.8.0.61,147.32.83.234,TCP,52,out,0.084005 
27643,1475.844627,10.8.0.61,147.32.83.234,TCP,285,out,0.298459 
27644,1476.0532,147.32.83.234,10.8.0.61,TCP,52,in,0.208573 
27645,1476.167505,10.8.0.61,147.32.83.234,TCP,88,out,0.114305 
27646,1476.36582,147.32.83.234,10.8.0.61,TCP,52,in,0.198315 
27647,1478.446634,147.32.83.234,10.8.0.61,TCP,59,in,2.080814 
27648,1478.517256,10.8.0.61,147.32.83.234,TCP,52,out,0.070622 
27649,1482.899889,10.8.0.61,147.32.83.234,TCP,88,out,4.382633 
27650,1483.116253,147.32.83.234,10.8.0.61,TCP,52,in,0.216364 
27651,1490.444512,147.32.83.234,10.8.0.61,TCP,59,in,7.328259 
27652,1490.501413,10.8.0.61,147.32.83.234,TCP,52,out,0.056901 
27653,1492.863516,10.8.0.61,147.32.83.234,TCP,88,out,2.362103 
27654,1493.069524,147.32.83.234,10.8.0.61,TCP,52,in,0.206008 
27655,1502.444787,147.32.83.234,10.8.0.61,TCP,59,in,9.375263 
27656,1502.48006,10.8.0.61,147.32.83.234,TCP,52,out,0.035273 
27657,1504.49096,10.8.0.61,147.32.83.234,TCP,88,out,2.010900 
27658,1504.710223,147.32.83.234,10.8.0.61,TCP,52,in,0.219263 
27659,1507.161813,10.8.0.61,147.32.83.234,TCP,1400,out,2.451590 
27660,1507.162958,10.8.0.61,147.32.83.234,TCP,1400,out,0.001145 
27661,1507.163013,10.8.0.61,147.32.83.234,TCP,283,out,0.000055 
27662,1507.164087,147.32.83.234,10.8.0.61,TCP,52,in,0.001074 
27663,1514.445448,147.32.83.234,10.8.0.61,TCP,59,in,7.281361 
27664,1514.562889,10.8.0.61,147.32.83.234,TCP,52,out,0.117441 
27665,1517.411716,10.8.0.61,147.32.83.234,TCP,88,out,2.848827 
27666,1517.616278,147.32.83.234,10.8.0.61,TCP,52,in,0.204562 
27667,1519.127572,10.8.0.61,147.32.83.234,TCP,1400,out,1.511294 
27668,1519.128724,10.8.0.61,147.32.83.234,TCP,1400,out,0.001152 
27669,1519.12878,10.8.0.61,147.32.83.234,TCP,283,out,0.000056 
27670,1519.129734,147.32.83.234,10.8.0.61,TCP,52,in,0.000954 
27671,1526.444418,147.32.83.234,10.8.0.61,TCP,59,in,7.314684 
27672,1526.449395,10.8.0.61,147.32.83.234,TCP,52,out,0.004977 
27673,1531.277681,10.8.0.61,147.32.83.234,TCP,88,out,4.828286 
27674,1531.474878,147.32.83.234,10.8.0.61,TCP,52,in,0.197197 
27681,1538.44469,147.32.83.234,10.8.0.61,TCP,59,in,6.969812 
27682,1538.535319,10.8.0.61,147.32.83.234,TCP,52,out,0.090629 
28931,1545.987751,10.8.0.61,147.32.83.234,TCP,88,out,7.452432 
28932,1546.195205,147.32.83.234,10.8.0.61,TCP,52,in,0.207454 
28933,1550.453799,147.32.83.234,10.8.0.61,TCP,59,in,4.258594 
28934,1550.505872,10.8.0.61,147.32.83.234,TCP,52,out,0.052073 
28937,1561.006274,10.8.0.61,147.32.83.234,TCP,88,out,10.500402 
28938,1561.210011,147.32.83.234,10.8.0.61,TCP,52,in,0.203737 
28939,1562.446477,147.32.83.234,10.8.0.61,TCP,59,in,1.236466 
28940,1562.482245,10.8.0.61,147.32.83.234,TCP,52,out,0.035768 
28945,1567.995557,147.32.83.234,10.8.0.61,TCP,99,in,5.513312 
28946,1568.207897,10.8.0.61,147.32.83.234,TCP,52,out,0.212340 
28947,1568.685697,10.8.0.61,147.32.83.234,TCP,109,out,0.477800 
28948,1568.896869,147.32.83.234,10.8.0.61,TCP,52,in,0.211172 
28949,1571.389612,10.8.0.61,147.32.83.234,TCP,88,out,2.492743 
28950,1571.600203,147.32.83.234,10.8.0.61,TCP,52,in,0.210591 
28951,1573.242724,10.8.0.61,147.32.83.234,TCP,1400,out,1.642521 
28952,1573.243822,10.8.0.61,147.32.83.234,TCP,1400,out,0.001098 
28953,1573.243877,10.8.0.61,147.32.83.234,TCP,283,out,0.000055 
28954,1573.244898,147.32.83.234,10.8.0.61,TCP,64,in,0.001021 
28955,1573.24492,147.32.83.234,10.8.0.61,TCP,52,in,0.000022 
28956,1573.332398,10.8.0.61,147.32.83.234,TCP,1400,out,0.087478 
28957,1573.33312,147.32.83.234,10.8.0.61,TCP,64,in,0.000722 
28958,1574.444448,147.32.83.234,10.8.0.61,TCP,59,in,1.111328 
28959,1574.56951,10.8.0.61,147.32.83.234,TCP,52,out,0.125062 
29071,1579.739236,10.8.0.61,147.32.83.234,TCP,88,out,5.169726 
29072,1579.944059,147.32.83.234,10.8.0.61,TCP,52,in,0.204823 
29138,1585.916327,147.32.83.234,10.8.0.61,TCP,93,in,5.972268 
29139,1586.044503,10.8.0.61,147.32.83.234,TCP,52,out,0.128176 
29140,1586.308781,10.8.0.61,147.32.83.234,TCP,282,out,0.264278 
29141,1586.447617,147.32.83.234,10.8.0.61,TCP,59,in,0.138836 
29142,1586.556058,10.8.0.61,147.32.83.234,TCP,52,out,0.108441 
29143,1588.123804,10.8.0.61,147.32.83.234,TCP,88,out,1.567746 
29144,1588.334464,147.32.83.234,10.8.0.61,TCP,52,in,0.210660 
29147,1595.649254,147.32.83.234,10.8.0.61,TCP,99,in,7.314790 
29148,1595.767952,10.8.0.61,147.32.83.234,TCP,52,out,0.118698 
29149,1595.814196,10.8.0.61,147.32.83.234,TCP,109,out,0.046244 
29150,1596.022358,147.32.83.234,10.8.0.61,TCP,52,in,0.208162 
29151,1596.075564,10.8.0.61,147.32.83.234,TCP,88,out,0.053206 
29152,1596.288097,147.32.83.234,10.8.0.61,TCP,52,in,0.212533 
29159,1598.445214,147.32.83.234,10.8.0.61,TCP,59,in,2.157117 
29160,1598.533402,10.8.0.61,147.32.83.234,TCP,52,out,0.088188 
29161,1602.598265,10.8.0.61,147.32.83.234,TCP,88,out,4.064863 
29162,1602.803935,147.32.83.234,10.8.0.61,TCP,52,in,0.205670 
29163,1610.446472,147.32.83.234,10.8.0.61,TCP,59,in,7.642537 
29164,1610.5124,10.8.0.61,147.32.83.234,TCP,52,out,0.065928 
29165,1612.260168,10.8.0.61,147.32.83.234,TCP,88,out,1.747768 
29166,1612.475346,147.32.83.234,10.8.0.61,TCP,52,in,0.215178 
29167,1622.444832,147.32.83.234,10.8.0.61,TCP,59,in,9.969486 
29168,1622.495025,10.8.0.61,147.32.83.234,TCP,52,out,0.050193 
29169,1623.67687,10.8.0.61,147.32.83.234,TCP,88,out,1.181845 
29170,1623.881293,147.32.83.234,10.8.0.61,TCP,52,in,0.204423 
29175,1634.451878,147.32.83.234,10.8.0.61,TCP,59,in,10.570585 
29176,1634.58016,10.8.0.61,147.32.83.234,TCP,52,out,0.128282 
29177,1636.453404,10.8.0.61,147.32.83.234,TCP,88,out,1.873244 
29178,1636.663372,147.32.83.234,10.8.0.61,TCP,52,in,0.209968 
29179,1646.448561,147.32.83.234,10.8.0.61,TCP,59,in,9.785189 
29180,1646.469863,10.8.0.61,147.32.83.234,TCP,52,out,0.021302 
29181,1650.217957,10.8.0.61,147.32.83.234,TCP,88,out,3.748094 
29182,1650.428601,147.32.83.234,10.8.0.61,TCP,52,in,0.210644 
29183,1658.444594,147.32.83.234,10.8.0.61,TCP,59,in,8.015993 
29184,1658.541448,10.8.0.61,147.32.83.234,TCP,52,out,0.096854 
29185,1664.766201,10.8.0.61,147.32.83.234,TCP,88,out,6.224753 
29186,1664.975584,147.32.83.234,10.8.0.61,TCP,52,in,0.209383 
29187,1669.463795,147.32.83.234,10.8.0.61,TCP,65,in,4.488211 
29188,1669.498291,10.8.0.61,147.32.83.234,TCP,52,out,0.034496 
29189,1669.880693,10.8.0.61,147.32.83.234,TCP,98,out,0.382402 
29190,1670.08497,147.32.83.234,10.8.0.61,TCP,52,in,0.204277 
29191,1670.444825,147.32.83.234,10.8.0.61,TCP,59,in,0.359855 
29192,1670.522802,10.8.0.61,147.32.83.234,TCP,52,out,0.077977 
29193,1673.66549,10.8.0.61,147.32.83.234,TCP,88,out,3.142688 
29194,1673.86601,147.32.83.234,10.8.0.61,TCP,52,in,0.200520 
29195,1682.443763,147.32.83.234,10.8.0.61,TCP,59,in,8.577753 
29196,1682.503695,10.8.0.61,147.32.83.234,TCP,52,out,0.059932 
29197,1682.667776,10.8.0.61,147.32.83.234,TCP,88,out,0.164081 
29198,1682.865861,147.32.83.234,10.8.0.61,TCP,52,in,0.198085 
29199,1693.707016,10.8.0.61,147.32.83.234,TCP,88,out,10.841155 
29200,1693.912859,147.32.83.234,10.8.0.61,TCP,52,in,0.205843 
29201,1694.450481,147.32.83.234,10.8.0.61,TCP,59,in,0.537622 
29202,1694.573366,10.8.0.61,147.32.83.234,TCP,52,out,0.122885 
29203,1706.251701,10.8.0.61,147.32.83.234,TCP,88,out,11.678335 
29204,1706.444717,147.32.83.234,10.8.0.61,TCP,59,in,0.193016 
29205,1706.570159,10.8.0.61,147.32.83.234,TCP,52,out,0.125442 
29206,1718.452292,147.32.83.234,10.8.0.61,TCP,59,in,11.882133 
29207,1718.548374,10.8.0.61,147.32.83.234,TCP,52,out,0.096082 
29208,1719.347314,10.8.0.61,147.32.83.234,TCP,88,out,0.798940 
29209,1719.553422,147.32.83.234,10.8.0.61,TCP,52,in,0.206108 
29323,1730.445328,147.32.83.234,10.8.0.61,TCP,59,in,10.891906 
29324,1730.53417,10.8.0.61,147.32.83.234,TCP,52,out,0.088842 
29325,1733.643649,10.8.0.61,147.32.83.234,TCP,88,out,3.109479 
29326,1733.850698,147.32.83.234,10.8.0.61,TCP,52,in,0.207049 
29329,1742.445219,147.32.83.234,10.8.0.61,TCP,59,in,8.594521 
29330,1742.508843,10.8.0.61,147.32.83.234,TCP,52,out,0.063624 
29335,1748.475602,10.8.0.61,147.32.83.234,TCP,88,out,5.966759 
29336,1748.679368,147.32.83.234,10.8.0.61,TCP,52,in,0.203766 
29337,1754.444854,147.32.83.234,10.8.0.61,TCP,59,in,5.765486 
29338,1754.489852,10.8.0.61,147.32.83.234,TCP,52,out,0.044998 
29339,1759.683708,10.8.0.61,147.32.83.234,TCP,1400,out,5.193856 
29340,1759.683906,10.8.0.61,147.32.83.234,TCP,1400,out,0.000198 
29341,1759.684144,10.8.0.61,147.32.83.234,TCP,311,out,0.000238 
29342,1759.684797,147.32.83.234,10.8.0.61,TCP,52,in,0.000653 
29343,1759.689811,147.32.83.234,10.8.0.61,TCP,52,in,0.005014 
29344,1763.952392,10.8.0.61,147.32.83.234,TCP,88,out,4.262581 
29345,1764.16276,147.32.83.234,10.8.0.61,TCP,52,in,0.210368 
29346,1766.44494,147.32.83.234,10.8.0.61,TCP,59,in,2.282180 
29347,1766.575718,10.8.0.61,147.32.83.234,TCP,52,out,0.130778 
29348,1771.69474,10.8.0.61,147.32.83.234,TCP,1400,out,5.119022 
29349,1771.6959,10.8.0.61,147.32.83.234,TCP,1400,out,0.001160 
29350,1771.695959,10.8.0.61,147.32.83.234,TCP,309,out,0.000059 
29351,1771.696911,147.32.83.234,10.8.0.61,TCP,52,in,0.000952 
29352,1778.445886,147.32.83.234,10.8.0.61,TCP,59,in,6.748975 
29353,1778.557195,10.8.0.61,147.32.83.234,TCP,52,out,0.111309 
29354,1779.386521,10.8.0.61,147.32.83.234,TCP,88,out,0.829326 
29355,1779.601017,147.32.83.234,10.8.0.61,TCP,52,in,0.214496 
29368,1790.447105,147.32.83.234,10.8.0.61,TCP,59,in,10.846088 
29369,1790.538008,10.8.0.61,147.32.83.234,TCP,52,out,0.090903 
29370,1792.664748,147.32.83.234,10.8.0.61,TCP,65,in,2.126740 
29371,1792.790777,10.8.0.61,147.32.83.234,TCP,52,out,0.126029 
29372,1793.020864,10.8.0.61,147.32.83.234,TCP,167,out,0.230087 
29373,1793.225145,147.32.83.234,10.8.0.61,TCP,52,in,0.204281 
29374,1793.702972,10.8.0.61,147.32.83.234,TCP,88,out,0.477827 
29375,1793.91298,147.32.83.234,10.8.0.61,TCP,52,in,0.210008 
29376,1801.015084,10.8.0.61,147.32.83.234,TCP,88,out,7.102104 
29377,1801.225359,147.32.83.234,10.8.0.61,TCP,52,in,0.210275 
29378,1802.453435,147.32.83.234,10.8.0.61,TCP,59,in,1.228076 
29379,1802.516985,10.8.0.61,147.32.83.234,TCP,52,out,0.063550 
29380,1811.064815,10.8.0.61,147.32.83.234,TCP,88,out,8.547830 
29381,1811.272162,147.32.83.234,10.8.0.61,TCP,52,in,0.207347 
29382,1814.444404,147.32.83.234,10.8.0.61,TCP,59,in,3.172242 
29383,1814.501785,10.8.0.61,147.32.83.234,TCP,52,out,0.057381 
29390,1822.926727,10.8.0.61,147.32.83.234,TCP,88,out,8.424942 
29391,1823.132076,147.32.83.234,10.8.0.61,TCP,52,in,0.205349 
29392,1826.444407,147.32.83.234,10.8.0.61,TCP,59,in,3.312331 
29393,1826.48146,10.8.0.61,147.32.83.234,TCP,52,out,0.037053 
29394,1830.432569,147.32.83.234,10.8.0.61,TCP,65,in,3.951109 
29395,1830.477581,10.8.0.61,147.32.83.234,TCP,52,out,0.045012 
29396,1830.672118,10.8.0.61,147.32.83.234,TCP,167,out,0.194537 
29397,1830.881724,147.32.83.234,10.8.0.61,TCP,52,in,0.209606 
29398,1832.664087,10.8.0.61,147.32.83.234,TCP,88,out,1.782363 
29399,1832.866517,147.32.83.234,10.8.0.61,TCP,52,in,0.202430 
29400,1838.444306,147.32.83.234,10.8.0.61,TCP,59,in,5.577789 
29401,1838.567584,10.8.0.61,147.32.83.234,TCP,52,out,0.123278 
29402,1840.656488,10.8.0.61,147.32.83.234,TCP,88,out,2.088904 
29403,1840.865909,147.32.83.234,10.8.0.61,TCP,52,in,0.209421 
29412,1850.444985,147.32.83.234,10.8.0.61,TCP,59,in,9.579076 
29413,1850.54668,10.8.0.61,147.32.83.234,TCP,52,out,0.101695 
29414,1851.118273,10.8.0.61,147.32.83.234,TCP,88,out,0.571593 
29415,1851.319312,147.32.83.234,10.8.0.61,TCP,52,in,0.201039 
29445,1862.448386,147.32.83.234,10.8.0.61,TCP,59,in,11.129074 
29446,1862.529697,10.8.0.61,147.32.83.234,TCP,52,out,0.081311 
29447,1863.069345,10.8.0.61,147.32.83.234,TCP,88,out,0.539648 
29448,1863.272185,147.32.83.234,10.8.0.61,TCP,52,in,0.202840 
29457,1874.444492,147.32.83.234,10.8.0.61,TCP,59,in,11.172307 
29458,1874.509638,10.8.0.61,147.32.83.234,TCP,52,out,0.065146 
29459,1876.418605,10.8.0.61,147.32.83.234,TCP,88,out,1.908967 
29460,1876.632226,147.32.83.234,10.8.0.61,TCP,52,in,0.213621 
29471,1886.452531,147.32.83.234,10.8.0.61,TCP,59,in,9.820305 
29472,1886.489957,10.8.0.61,147.32.83.234,TCP,52,out,0.037426 
29473,1890.576715,10.8.0.61,147.32.83.234,TCP,88,out,4.086758 
29474,1890.788235,147.32.83.234,10.8.0.61,TCP,52,in,0.211520 
29475,1895.887479,147.32.83.234,10.8.0.61,TCP,101,in,5.099244 
29476,1896.014003,10.8.0.61,147.32.83.234,TCP,52,out,0.126524 
29477,1898.445131,147.32.83.234,10.8.0.61,TCP,59,in,2.431128 
29478,1898.569298,10.8.0.61,147.32.83.234,TCP,52,out,0.124167 
29479,1901.357139,10.8.0.61,147.32.83.234,TCP,88,out,2.787841 
29480,1901.569911,147.32.83.234,10.8.0.61,TCP,52,in,0.212772 
29481,1910.089199,10.8.0.61,147.32.83.234,TCP,88,out,8.519288 
29482,1910.288089,147.32.83.234,10.8.0.61,TCP,52,in,0.198890 
29483,1910.444621,147.32.83.234,10.8.0.61,TCP,59,in,0.156532 
29484,1910.556521,10.8.0.61,147.32.83.234,TCP,52,out,0.111900 
29485,1920.889735,10.8.0.61,147.32.83.234,TCP,88,out,10.333214 
29486,1921.085165,147.32.83.234,10.8.0.61,TCP,52,in,0.195430 
29487,1922.444583,147.32.83.234,10.8.0.61,TCP,59,in,1.359418 
29488,1922.544543,10.8.0.61,147.32.83.234,TCP,52,out,0.099960 
29492,1933.176157,10.8.0.61,147.32.83.234,TCP,88,out,10.631614 
29493,1933.381632,147.32.83.234,10.8.0.61,TCP,52,in,0.205475 
29494,1934.444296,147.32.83.234,10.8.0.61,TCP,59,in,1.062664 
29495,1934.516719,10.8.0.61,147.32.83.234,TCP,52,out,0.072423 
29631,1939.7725,147.32.83.234,10.8.0.61,TCP,65,in,5.255781 
29632,1939.840381,10.8.0.61,147.32.83.234,TCP,52,out,0.067881 
29633,1939.968739,10.8.0.61,147.32.83.234,TCP,202,out,0.128358 
29634,1940.17873,147.32.83.234,10.8.0.61,TCP,52,in,0.209991 
29635,1942.47033,10.8.0.61,147.32.83.234,TCP,88,out,2.291600 
29636,1942.678443,147.32.83.234,10.8.0.61,TCP,52,in,0.208113 
29637,1946.444645,147.32.83.234,10.8.0.61,TCP,59,in,3.766202 
29638,1946.498767,10.8.0.61,147.32.83.234,TCP,52,out,0.054122 
29639,1950.693063,10.8.0.61,147.32.83.234,TCP,88,out,4.194296 
29640,1950.896902,147.32.83.234,10.8.0.61,TCP,52,in,0.203839 
29647,1958.444932,147.32.83.234,10.8.0.61,TCP,59,in,7.548030 
29648,1958.478727,10.8.0.61,147.32.83.234,TCP,52,out,0.033795 
29649,1961.220332,10.8.0.61,147.32.83.234,TCP,88,out,2.741605 
29650,1961.428908,147.32.83.234,10.8.0.61,TCP,52,in,0.208576 
29763,1970.452451,147.32.83.234,10.8.0.61,TCP,59,in,9.023543 
29764,1970.562235,10.8.0.61,147.32.83.234,TCP,52,out,0.109784 
29765,1973.406328,10.8.0.61,147.32.83.234,TCP,88,out,2.844093 
29766,1973.616614,147.32.83.234,10.8.0.61,TCP,52,in,0.210286 
29767,1982.444437,147.32.83.234,10.8.0.61,TCP,59,in,8.827823 
29768,1982.543512,10.8.0.61,147.32.83.234,TCP,52,out,0.099075 
29771,1986.630141,10.8.0.61,147.32.83.234,TCP,88,out,4.086629 
29772,1986.853672,147.32.83.234,10.8.0.61,TCP,52,in,0.223531 
29777,1994.444538,147.32.83.234,10.8.0.61,TCP,59,in,7.590866 
29778,1994.524321,10.8.0.61,147.32.83.234,TCP,52,out,0.079783 
29779,2000.885789,10.8.0.61,147.32.83.234,TCP,88,out,6.361468 
29780,2001.084374,147.32.83.234,10.8.0.61,TCP,52,in,0.198585 
29807,2006.444386,147.32.83.234,10.8.0.61,TCP,59,in,5.360012 
29808,2006.507078,10.8.0.61,147.32.83.234,TCP,52,out,0.062692 
29809,2015.800707,10.8.0.61,147.32.83.234,TCP,88,out,9.293629 
29810,2016.006975,147.32.83.234,10.8.0.61,TCP,52,in,0.206268 
29811,2018.446087,147.32.83.234,10.8.0.61,TCP,59,in,2.439112 
29812,2018.487728,10.8.0.61,147.32.83.234,TCP,52,out,0.041641 
29817,2026.143271,147.32.83.234,10.8.0.61,TCP,105,in,7.655543 
29818,2026.256818,10.8.0.61,147.32.83.234,TCP,52,out,0.113547 
29819,2027.96946,10.8.0.61,147.32.83.234,TCP,88,out,1.712642 
29820,2028.178947,147.32.83.234,10.8.0.61,TCP,52,in,0.209487 
29821,2030.444458,147.32.83.234,10.8.0.61,TCP,59,in,2.265511 
29822,2030.557432,10.8.0.61,147.32.83.234,TCP,52,out,0.112974 
29823,2035.578482,10.8.0.61,147.32.83.234,TCP,88,out,5.021050 
29824,2035.787704,147.32.83.234,10.8.0.61,TCP,52,in,0.209222 
29825,2042.444785,147.32.83.234,10.8.0.61,TCP,59,in,6.657081 
29826,2042.551651,10.8.0.61,147.32.83.234,TCP,52,out,0.106866 
29827,2045.847636,10.8.0.61,147.32.83.234,TCP,88,out,3.295985 
29828,2046.054214,147.32.83.234,10.8.0.61,TCP,52,in,0.206578 
29829,2054.455278,147.32.83.234,10.8.0.61,TCP,59,in,8.401064 
29830,2054.534212,10.8.0.61,147.32.83.234,TCP,52,out,0.078934 
29831,2054.972066,147.32.83.234,10.8.0.61,TCP,65,in,0.437854 
29832,2055.045388,10.8.0.61,147.32.83.234,TCP,52,out,0.073322 
29833,2055.092503,10.8.0.61,147.32.83.234,TCP,217,out,0.047115 
29834,2055.303693,147.32.83.234,10.8.0.61,TCP,52,in,0.211190 
29835,2056.041677,10.8.0.61,147.32.83.234,TCP,88,out,0.737984 
29836,2056.256608,147.32.83.234,10.8.0.61,TCP,52,in,0.214931 
29837,2063.61683,10.8.0.61,147.32.83.234,TCP,88,out,7.360222 
29838,2063.818841,147.32.83.234,10.8.0.61,TCP,52,in,0.202011 
29839,2066.444334,147.32.83.234,10.8.0.61,TCP,59,in,2.625493 
29840,2066.515786,10.8.0.61,147.32.83.234,TCP,52,out,0.071452 
29841,2073.694977,10.8.0.61,147.32.83.234,TCP,88,out,7.179191 
29842,2073.897131,147.32.83.234,10.8.0.61,TCP,52,in,0.202154 
29843,2078.444464,147.32.83.234,10.8.0.61,TCP,59,in,4.547333 
29844,2078.495861,10.8.0.61,147.32.83.234,TCP,52,out,0.051397 
29845,2085.478032,10.8.0.61,147.32.83.234,TCP,88,out,6.982171 
29846,2085.681529,147.32.83.234,10.8.0.61,TCP,52,in,0.203497 
29847,2090.444945,147.32.83.234,10.8.0.61,TCP,59,in,4.763416 
29848,2090.476105,10.8.0.61,147.32.83.234,TCP,52,out,0.031160 
29851,2096.492429,10.8.0.61,147.32.83.234,TCP,1401,out,6.016324 
29852,2096.492469,10.8.0.1,10.8.0.61,ICMP,576,in,0.000040 
29853,2096.49375,10.8.0.61,147.32.83.234,TCP,1401,out,0.001281 
29854,2096.493778,10.8.0.1,10.8.0.61,ICMP,576,in,0.000028 
29855,2096.493802,10.8.0.61,147.32.83.234,TCP,307,out,0.000024 
29856,2096.494672,147.32.83.234,10.8.0.61,TCP,64,in,0.000870 
29857,2096.495632,10.8.0.61,147.32.83.234,TCP,1400,out,0.000960 
29858,2096.496017,10.8.0.61,147.32.83.234,TCP,1400,out,0.000385 
29859,2096.496267,10.8.0.61,147.32.83.234,TCP,54,out,0.000250 
29860,2096.496456,147.32.83.234,10.8.0.61,TCP,64,in,0.000189 
29861,2096.496679,147.32.83.234,10.8.0.61,TCP,64,in,0.000223 
29862,2096.496711,147.32.83.234,10.8.0.61,TCP,52,in,0.000032 
29863,2096.497094,147.32.83.234,10.8.0.61,TCP,52,in,0.000383 
29864,2098.454312,10.8.0.61,147.32.83.234,TCP,88,out,1.957218 
29865,2098.662696,147.32.83.234,10.8.0.61,TCP,52,in,0.208384 
29866,2102.446495,147.32.83.234,10.8.0.61,TCP,59,in,3.783799 
29867,2102.560332,10.8.0.61,147.32.83.234,TCP,52,out,0.113837 
29868,2104.393684,147.32.83.234,10.8.0.61,TCP,83,in,1.833352 
29869,2104.50367,10.8.0.61,147.32.83.234,TCP,52,out,0.109986 
29870,2107.672413,10.8.0.61,147.32.83.234,TCP,88,out,3.168743 
29871,2107.881617,147.32.83.234,10.8.0.61,TCP,52,in,0.209204 
29872,2114.444493,147.32.83.234,10.8.0.61,TCP,59,in,6.562876 
29873,2114.54078,10.8.0.61,147.32.83.234,TCP,52,out,0.096287 
29874,2116.075807,10.8.0.61,147.32.83.234,TCP,88,out,1.535027 
29875,2116.288233,147.32.83.234,10.8.0.61,TCP,52,in,0.212426 
29882,2126.44515,147.32.83.234,10.8.0.61,TCP,59,in,10.156917 
29883,2126.523324,10.8.0.61,147.32.83.234,TCP,52,out,0.078174 
29884,2126.854794,10.8.0.61,147.32.83.234,TCP,88,out,0.331470 
29885,2127.069205,147.32.83.234,10.8.0.61,TCP,52,in,0.214411 
29958,2138.452208,147.32.83.234,10.8.0.61,TCP,59,in,11.383003 
29959,2138.503883,10.8.0.61,147.32.83.234,TCP,52,out,0.051675 
29960,2139.210042,10.8.0.61,147.32.83.234,TCP,88,out,0.706159 
29961,2139.413348,147.32.83.234,10.8.0.61,TCP,52,in,0.203306 
29962,2150.444652,147.32.83.234,10.8.0.61,TCP,59,in,11.031304 
29963,2150.484696,10.8.0.61,147.32.83.234,TCP,52,out,0.040044 
29995,2152.602319,10.8.0.61,147.32.83.234,TCP,88,out,2.117623 
29999,2152.81945,147.32.83.234,10.8.0.61,TCP,52,in,0.217131 
30007,2162.445675,147.32.83.234,10.8.0.61,TCP,59,in,9.626225 
30008,2162.569264,10.8.0.61,147.32.83.234,TCP,52,out,0.123589 
30009,2166.688504,10.8.0.61,147.32.83.234,TCP,88,out,4.119240 
30010,2166.896829,147.32.83.234,10.8.0.61,TCP,52,in,0.208325 
30011,2174.448062,147.32.83.234,10.8.0.61,TCP,59,in,7.551233 
30012,2174.550443,10.8.0.61,147.32.83.234,TCP,52,out,0.102381 
30013,2181.740459,10.8.0.61,147.32.83.234,TCP,88,out,7.190016 
30014,2181.959609,147.32.83.234,10.8.0.61,TCP,52,in,0.219150 
30015,2186.443852,147.32.83.234,10.8.0.61,TCP,59,in,4.484243 
30016,2186.530274,10.8.0.61,147.32.83.234,TCP,52,out,0.086422 
30017,2197.088084,10.8.0.61,147.32.83.234,TCP,88,out,10.557810 
30018,2197.287958,147.32.83.234,10.8.0.61,TCP,52,in,0.199874 
30019,2198.444337,147.32.83.234,10.8.0.61,TCP,59,in,1.156379 
30020,2198.511792,10.8.0.61,147.32.83.234,TCP,52,out,0.067455 
30023,2208.725295,147.32.83.234,10.8.0.61,TCP,65,in,10.213503 
30024,2208.855237,10.8.0.61,147.32.83.234,TCP,52,out,0.129942 
30026,2209.165162,10.8.0.61,147.32.83.234,TCP,99,out,0.309925 
30028,2209.365412,147.32.83.234,10.8.0.61,TCP,52,in,0.200250 
30029,2210.224392,10.8.0.61,147.32.83.234,TCP,131,out,0.858980 
30030,2210.42787,147.32.83.234,10.8.0.61,TCP,52,in,0.203478 
30031,2210.443729,147.32.83.234,10.8.0.61,TCP,59,in,0.015859 
30032,2210.493714,10.8.0.61,147.32.83.234,TCP,52,out,0.049985 
30033,2211.269544,10.8.0.61,147.32.83.234,TCP,88,out,0.775830 
30034,2211.475643,147.32.83.234,10.8.0.61,TCP,52,in,0.206099 
30035,2218.791638,10.8.0.61,147.32.83.234,TCP,88,out,7.315995 
30036,2219.006149,147.32.83.234,10.8.0.61,TCP,52,in,0.214511 
30037,2222.454329,147.32.83.234,10.8.0.61,TCP,59,in,3.448180 
30038,2222.57691,10.8.0.61,147.32.83.234,TCP,52,out,0.122581 
30039,2228.868585,10.8.0.61,147.32.83.234,TCP,88,out,6.291675 
30040,2229.068804,147.32.83.234,10.8.0.61,TCP,52,in,0.200219 
30041,2234.444245,147.32.83.234,10.8.0.61,TCP,59,in,5.375441 
30042,2234.559812,10.8.0.61,147.32.83.234,TCP,52,out,0.115567 
30049,2240.633973,10.8.0.61,147.32.83.234,TCP,88,out,6.074161 
30050,2240.850095,147.32.83.234,10.8.0.61,TCP,52,in,0.216122 
30051,2246.448278,147.32.83.234,10.8.0.61,TCP,59,in,5.598183 
30052,2246.540537,10.8.0.61,147.32.83.234,TCP,52,out,0.092259 
30053,2253.594549,10.8.0.61,147.32.83.234,TCP,88,out,7.054012 
30054,2253.803898,147.32.83.234,10.8.0.61,TCP,52,in,0.209349 
30055,2258.444042,147.32.83.234,10.8.0.61,TCP,59,in,4.640144 
30056,2258.519122,10.8.0.61,147.32.83.234,TCP,52,out,0.075080 
30057,2267.674825,10.8.0.61,147.32.83.234,TCP,88,out,9.155703 
30058,2267.881077,147.32.83.234,10.8.0.61,TCP,52,in,0.206252 
30067,2270.444245,147.32.83.234,10.8.0.61,TCP,59,in,2.563168 
30068,2270.502893,10.8.0.61,147.32.83.234,TCP,52,out,0.058648 
30142,2282.173373,10.8.0.61,147.32.83.234,TCP,88,out,11.670480 
30143,2282.381264,147.32.83.234,10.8.0.61,TCP,52,in,0.207891 
30144,2282.44427,147.32.83.234,10.8.0.61,TCP,59,in,0.063006 
30145,2282.483489,10.8.0.61,147.32.83.234,TCP,52,out,0.039219 
30148,2294.444864,147.32.83.234,10.8.0.61,TCP,59,in,11.961375 
30151,2294.545742,10.8.0.61,147.32.83.234,TCP,52,out,0.100878 
30154,2297.050513,10.8.0.61,147.32.83.234,TCP,88,out,2.504771 
30155,2297.256021,147.32.83.234,10.8.0.61,TCP,52,in,0.205508 
30156,2306.45574,147.32.83.234,10.8.0.61,TCP,59,in,9.199719 
30157,2306.547344,10.8.0.61,147.32.83.234,TCP,52,out,0.091604 
30158,2312.837438,10.8.0.61,147.32.83.234,TCP,88,out,6.290094 
30159,2313.037514,147.32.83.234,10.8.0.61,TCP,52,in,0.200076 
30160,2313.225813,147.32.83.234,10.8.0.61,TCP,65,in,0.188299 
30161,2313.30511,10.8.0.61,147.32.83.234,TCP,52,out,0.079297 
30162,2316.50065,147.32.83.234,10.8.0.61,TCP,65,in,3.195540 
30163,2316.582682,10.8.0.61,147.32.83.234,TCP,52,out,0.082032 
30164,2316.610576,10.8.0.61,147.32.83.234,TCP,99,out,0.027894 
30165,2316.818932,147.32.83.234,10.8.0.61,TCP,52,in,0.208356 
30166,2318.444317,147.32.83.234,10.8.0.61,TCP,59,in,1.625385 
30167,2318.56642,10.8.0.61,147.32.83.234,TCP,52,out,0.122103 
30195,2320.920788,10.8.0.61,147.32.83.234,TCP,88,out,2.354368 
30196,2321.131797,147.32.83.234,10.8.0.61,TCP,52,in,0.211009 
30317,2329.197318,10.8.0.61,147.32.83.234,TCP,88,out,8.065521 
30318,2329.396866,147.32.83.234,10.8.0.61,TCP,52,in,0.199548 
30319,2330.443369,147.32.83.234,10.8.0.61,TCP,59,in,1.046503 
30320,2330.505167,10.8.0.61,147.32.83.234,TCP,52,out,0.061798 
30327,2339.841302,10.8.0.61,147.32.83.234,TCP,88,out,9.336135 
30328,2340.053232,147.32.83.234,10.8.0.61,TCP,52,in,0.211930 
30329,2342.444223,147.32.83.234,10.8.0.61,TCP,59,in,2.390991 
30330,2342.48646,10.8.0.61,147.32.83.234,TCP,52,out,0.042237 
30331,2351.992492,10.8.0.61,147.32.83.234,TCP,88,out,9.506032 
30332,2352.194154,147.32.83.234,10.8.0.61,TCP,52,in,0.201662 
30333,2354.444604,147.32.83.234,10.8.0.61,TCP,59,in,2.250450 
30334,2354.570058,10.8.0.61,147.32.83.234,TCP,52,out,0.125454 
30335,2365.186068,10.8.0.61,147.32.83.234,TCP,88,out,10.616010 
30336,2365.397507,147.32.83.234,10.8.0.61,TCP,52,in,0.211439 
30337,2366.444223,147.32.83.234,10.8.0.61,TCP,59,in,1.046716 
30338,2366.555637,10.8.0.61,147.32.83.234,TCP,52,out,0.111414 
30349,2378.444161,147.32.83.234,10.8.0.61,TCP,59,in,11.888524 
30350,2378.546643,10.8.0.61,147.32.83.234,TCP,52,out,0.102482 
30351,2379.111911,10.8.0.61,147.32.83.234,TCP,88,out,0.565268 
30352,2379.319245,147.32.83.234,10.8.0.61,TCP,52,in,0.207334 
31678,2390.452872,147.32.83.234,10.8.0.61,TCP,59,in,11.133627 
31682,2390.466763,10.8.0.61,147.32.83.234,TCP,52,out,0.013891 
32335,2393.927389,10.8.0.61,147.32.83.234,TCP,88,out,3.460626 
32336,2394.131657,147.32.83.234,10.8.0.61,TCP,52,in,0.204268 
32526,2402.443922,147.32.83.234,10.8.0.61,TCP,59,in,8.312265 
32527,2402.495701,10.8.0.61,147.32.83.234,TCP,52,out,0.051779 
32793,2409.083274,10.8.0.61,147.32.83.234,TCP,88,out,6.587573 
32798,2409.287208,147.32.83.234,10.8.0.61,TCP,52,in,0.203934 
32892,2414.44335,147.32.83.234,10.8.0.61,TCP,59,in,5.156142 
32893,2414.475672,10.8.0.61,147.32.83.234,TCP,52,out,0.032322 
33155,2425.144651,10.8.0.61,147.32.83.234,TCP,88,out,10.668979 
33170,2425.350383,147.32.83.234,10.8.0.61,TCP,52,in,0.205732 
33746,2426.444585,147.32.83.234,10.8.0.61,TCP,59,in,1.094202 
33747,2426.446649,10.8.0.61,147.32.83.234,TCP,52,out,0.002064 
34210,2429.678688,10.8.0.61,147.32.83.234,TCP,129,out,3.232039 
34211,2429.880974,147.32.83.234,10.8.0.61,TCP,52,in,0.202286 
34317,2433.414947,10.8.0.61,147.32.83.234,TCP,1400,out,3.533973 
34318,2433.415221,10.8.0.61,147.32.83.234,TCP,1400,out,0.000274 
34319,2433.415277,10.8.0.61,147.32.83.234,TCP,309,out,0.000056 
34320,2433.416224,147.32.83.234,10.8.0.61,TCP,52,in,0.000947 
34321,2433.416576,147.32.83.234,10.8.0.61,TCP,52,in,0.000352 
34322,2434.547687,10.8.0.61,147.32.83.234,TCP,126,out,1.131111 
34323,2434.755847,147.32.83.234,10.8.0.61,TCP,52,in,0.208160 
34378,2438.443628,147.32.83.234,10.8.0.61,TCP,59,in,3.687781 
34379,2438.44803,10.8.0.61,147.32.83.234,TCP,52,out,0.004402 
34380,2439.563534,10.8.0.61,147.32.83.234,TCP,130,out,1.115504 
34381,2439.771394,147.32.83.234,10.8.0.61,TCP,52,in,0.207860 
34382,2441.00967,10.8.0.61,147.32.83.234,TCP,88,out,1.238276 
34383,2441.209389,147.32.83.234,10.8.0.61,TCP,52,in,0.199719 
34384,2444.549801,10.8.0.61,147.32.83.234,TCP,131,out,3.340412 
34385,2444.756276,147.32.83.234,10.8.0.61,TCP,52,in,0.206475 
34386,2449.616878,10.8.0.61,147.32.83.234,TCP,129,out,4.860602 
34387,2449.818495,147.32.83.234,10.8.0.61,TCP,52,in,0.201617 
34388,2450.44399,147.32.83.234,10.8.0.61,TCP,59,in,0.625495 
34389,2450.513698,10.8.0.61,147.32.83.234,TCP,52,out,0.069708 
34392,2454.546972,10.8.0.61,147.32.83.234,TCP,130,out,4.033274 
34393,2454.755851,147.32.83.234,10.8.0.61,TCP,52,in,0.208879 
34398,2457.435947,10.8.0.61,147.32.83.234,TCP,88,out,2.680096 
34399,2457.646593,147.32.83.234,10.8.0.61,TCP,52,in,0.210646 
34400,2459.663029,10.8.0.61,147.32.83.234,TCP,128,out,2.016436 
34401,2459.865122,147.32.83.234,10.8.0.61,TCP,52,in,0.202093 
34430,2462.443886,147.32.83.234,10.8.0.61,TCP,59,in,2.578764 
34431,2462.503137,10.8.0.61,147.32.83.234,TCP,52,out,0.059251 
34433,2464.616439,10.8.0.61,147.32.83.234,TCP,129,out,2.113302 
34483,2464.81872,147.32.83.234,10.8.0.61,TCP,52,in,0.202281 
34592,2469.643604,10.8.0.61,147.32.83.234,TCP,130,out,4.824884 
34593,2469.849915,147.32.83.234,10.8.0.61,TCP,52,in,0.206311 
34597,2474.336065,10.8.0.61,147.32.83.234,TCP,88,out,4.486150 
34598,2474.452792,147.32.83.234,10.8.0.61,TCP,59,in,0.116727 
34599,2474.485696,10.8.0.61,147.32.83.234,TCP,52,out,0.032904 
34600,2474.650226,10.8.0.61,147.32.83.234,TCP,130,out,0.164530 
34601,2474.865326,147.32.83.234,10.8.0.61,TCP,52,in,0.215100 
34604,2479.577228,10.8.0.61,147.32.83.234,TCP,129,out,4.711902 
34605,2479.787532,147.32.83.234,10.8.0.61,TCP,52,in,0.210304 
34650,2484.577616,10.8.0.61,147.32.83.234,TCP,129,out,4.790084 
34655,2484.775897,147.32.83.234,10.8.0.61,TCP,52,in,0.198281 
34656,2486.458336,147.32.83.234,10.8.0.61,TCP,59,in,1.682439 
34657,2486.558859,10.8.0.61,147.32.83.234,TCP,52,out,0.100523 
34658,2489.60331,10.8.0.61,147.32.83.234,TCP,130,out,3.044451 
34659,2489.867337,147.32.83.234,10.8.0.61,TCP,52,in,0.264027 
34660,2491.009401,10.8.0.61,147.32.83.234,TCP,88,out,1.142064 
34661,2491.254181,147.32.83.234,10.8.0.61,TCP,52,in,0.244780 
34662,2494.592832,10.8.0.61,147.32.83.234,TCP,129,out,3.338651 
34663,2494.803107,147.32.83.234,10.8.0.61,TCP,52,in,0.210275 
34688,2498.418438,147.32.83.234,10.8.0.61,TCP,59,in,3.615331 
34689,2498.450546,10.8.0.61,147.32.83.234,TCP,52,out,0.032108 
34690,2499.604016,10.8.0.61,147.32.83.234,TCP,129,out,1.153470 
34691,2499.80329,147.32.83.234,10.8.0.61,TCP,52,in,0.199274 
34696,2504.604671,10.8.0.61,147.32.83.234,TCP,130,out,4.801381 
34700,2504.803335,147.32.83.234,10.8.0.61,TCP,52,in,0.198664 
34701,2508.519685,10.8.0.61,147.32.83.234,TCP,88,out,3.716350 
34702,2508.724503,147.32.83.234,10.8.0.61,TCP,52,in,0.204818 
34703,2509.587483,10.8.0.61,147.32.83.234,TCP,130,out,0.862980 
34704,2509.786945,147.32.83.234,10.8.0.61,TCP,52,in,0.199462 
34705,2510.402848,147.32.83.234,10.8.0.61,TCP,59,in,0.615903 
34706,2510.418592,10.8.0.61,147.32.83.234,TCP,52,out,0.015744 
34707,2514.603341,10.8.0.61,147.32.83.234,TCP,129,out,4.184749 
34718,2514.818909,147.32.83.234,10.8.0.61,TCP,52,in,0.215568 
34719,2519.700901,10.8.0.61,147.32.83.234,TCP,129,out,4.881992 
34720,2519.906305,147.32.83.234,10.8.0.61,TCP,52,in,0.205404 
34739,2532.305917,10.8.0.61,147.32.83.234,TCP,129,out,12.399612 
34742,2540.028497,10.8.0.61,147.32.83.234,TCP,129,out,7.722580 
34747,2555.420895,10.8.0.61,147.32.83.234,TCP,129,out,15.392398 
34754,2586.216367,10.8.0.61,147.32.83.234,TCP,129,out,30.795472 
34864,2665.708783,10.8.0.61,147.32.83.234,TCP,60,out,79.492416 
34865,2665.727071,147.32.83.234,10.8.0.61,TCP,60,in,0.018288 
34866,2665.739201,10.8.0.61,147.32.83.234,TCP,52,out,0.012130 
34867,2666.829439,10.8.0.61,147.32.83.234,TCP,1400,out,1.090238 
34868,2666.83054,10.8.0.61,147.32.83.234,TCP,1400,out,0.001101 
34869,2666.830597,10.8.0.61,147.32.83.234,TCP,356,out,0.000057 
34870,2666.831567,147.32.83.234,10.8.0.61,TCP,52,in,0.000970 
34871,2669.256498,147.32.83.234,10.8.0.61,TCP,59,in,2.424931 
34872,2669.373974,10.8.0.61,147.32.83.234,TCP,52,out,0.117476 
34873,2671.852966,10.8.0.61,147.32.83.234,TCP,1400,out,2.478992 
34874,2671.85408,10.8.0.61,147.32.83.234,TCP,1400,out,0.001114 
34875,2671.854136,10.8.0.61,147.32.83.234,TCP,309,out,0.000056 
34876,2671.856274,147.32.83.234,10.8.0.61,TCP,52,in,0.002138 
34887,2681.264324,147.32.83.234,10.8.0.61,TCP,59,in,9.408050 
34888,2681.344109,10.8.0.61,147.32.83.234,TCP,52,out,0.079785 
34889,2683.382884,10.8.0.61,147.32.83.234,TCP,88,out,2.038775 
34890,2683.599932,147.32.83.234,10.8.0.61,TCP,52,in,0.217048 
34891,2683.626784,10.8.0.61,147.32.83.234,TCP,88,out,0.026852 
34892,2683.627678,147.32.83.234,10.8.0.61,TCP,64,in,0.000894 
34900,2693.256514,147.32.83.234,10.8.0.61,TCP,59,in,9.628836 
34901,2693.323583,10.8.0.61,147.32.83.234,TCP,52,out,0.067069 
34902,2702.305154,10.8.0.61,147.32.83.234,TCP,88,out,8.981571 
34903,2702.506291,147.32.83.234,10.8.0.61,TCP,52,in,0.201137 
34908,2705.272045,147.32.83.234,10.8.0.61,TCP,59,in,2.765754 
34909,2705.304929,10.8.0.61,147.32.83.234,TCP,52,out,0.032884 
34921,2717.272449,147.32.83.234,10.8.0.61,TCP,59,in,11.967520 
34922,2717.425851,10.8.0.61,147.32.83.234,TCP,52,out,0.153402 
34923,2720.823574,10.8.0.61,147.32.83.234,TCP,88,out,3.397723 
34924,2721.037245,147.32.83.234,10.8.0.61,TCP,52,in,0.213671 
34933,2729.281153,147.32.83.234,10.8.0.61,TCP,59,in,8.243908 
34934,2729.371153,10.8.0.61,147.32.83.234,TCP,52,out,0.090000 
34935,2735.272338,147.32.83.234,10.8.0.61,TCP,65,in,5.901185 
34936,2735.310406,10.8.0.61,147.32.83.234,TCP,52,out,0.038068 
34937,2736.174468,10.8.0.61,147.32.83.234,TCP,196,out,0.864062 
34938,2736.380673,147.32.83.234,10.8.0.61,TCP,52,in,0.206205 
34941,2736.978956,10.8.0.61,147.32.83.234,TCP,88,out,0.598283 
34943,2737.17791,147.32.83.234,10.8.0.61,TCP,52,in,0.198954 
34944,2741.287449,147.32.83.234,10.8.0.61,TCP,59,in,4.109539 
34945,2741.352129,10.8.0.61,147.32.83.234,TCP,52,out,0.064680 
34996,2744.259964,10.8.0.61,147.32.83.234,TCP,88,out,2.907835 
34997,2744.459131,147.32.83.234,10.8.0.61,TCP,52,in,0.199167 
35001,2753.290559,147.32.83.234,10.8.0.61,TCP,59,in,8.831428 
35002,2753.332282,10.8.0.61,147.32.83.234,TCP,52,out,0.041723 
35003,2754.359361,10.8.0.61,147.32.83.234,TCP,88,out,1.027079 
35004,2754.568945,147.32.83.234,10.8.0.61,TCP,52,in,0.209584 
35014,2765.287919,147.32.83.234,10.8.0.61,TCP,59,in,10.718974 
35015,2765.415068,10.8.0.61,147.32.83.234,TCP,52,out,0.127149 
35017,2766.030776,10.8.0.61,147.32.83.234,TCP,88,out,0.615708 
35018,2766.24042,147.32.83.234,10.8.0.61,TCP,52,in,0.209644 
35024,2777.295731,147.32.83.234,10.8.0.61,TCP,59,in,11.055311 
35025,2777.396768,10.8.0.61,147.32.83.234,TCP,52,out,0.101037 
35026,2778.901851,10.8.0.61,147.32.83.234,TCP,88,out,1.505083 
35027,2779.1159,147.32.83.234,10.8.0.61,TCP,52,in,0.214049 
35069,2784.881277,147.32.83.234,10.8.0.61,TCP,65,in,5.765377 
35070,2784.900263,10.8.0.61,147.32.83.234,TCP,52,out,0.018986 
35121,2785.651096,10.8.0.61,147.32.83.234,TCP,198,out,0.750833 
35183,2785.867309,147.32.83.234,10.8.0.61,TCP,52,in,0.216213 
35384,2788.201344,10.8.0.61,147.32.83.234,TCP,88,out,2.334035 
35385,2788.412448,147.32.83.234,10.8.0.61,TCP,52,in,0.211104 
35386,2789.28777,147.32.83.234,10.8.0.61,TCP,59,in,0.875322 
35387,2789.364487,10.8.0.61,147.32.83.234,TCP,52,out,0.076717 
35390,2796.754121,10.8.0.61,147.32.83.234,TCP,88,out,7.389634 
35391,2796.959475,147.32.83.234,10.8.0.61,TCP,52,in,0.205354 
35392,2801.288012,147.32.83.234,10.8.0.61,TCP,59,in,4.328537 
35393,2801.359092,10.8.0.61,147.32.83.234,TCP,52,out,0.071080 
35418,2807.602654,10.8.0.61,147.32.83.234,TCP,88,out,6.243562 
35419,2807.818977,147.32.83.234,10.8.0.61,TCP,52,in,0.216323 
35420,2813.288227,147.32.83.234,10.8.0.61,TCP,59,in,5.469250 
35421,2813.34138,10.8.0.61,147.32.83.234,TCP,52,out,0.053153 
35422,2819.821311,10.8.0.61,147.32.83.234,TCP,88,out,6.479931 
35423,2820.037848,147.32.83.234,10.8.0.61,TCP,52,in,0.216537 
35424,2822.163896,147.32.83.234,10.8.0.61,TCP,118,in,2.126048 
35425,2822.25022,10.8.0.61,147.32.83.234,TCP,52,out,0.086324 
35426,2822.760472,10.8.0.61,147.32.83.234,TCP,60,out,0.510252 
35427,2822.761444,147.32.83.234,10.8.0.61,TCP,60,in,0.000972 
35428,2822.771908,10.8.0.61,147.32.83.234,TCP,52,out,0.010464 
35429,2822.796224,10.8.0.61,147.32.83.234,TCP,119,out,0.024316 
35430,2822.843174,10.8.0.61,147.32.83.234,TCP,109,out,0.046950 
35431,2823.006078,147.32.83.234,10.8.0.61,TCP,52,in,0.162904 
35432,2823.030613,10.8.0.61,147.32.83.234,TCP,119,out,0.024535 
35433,2823.031525,147.32.83.234,10.8.0.61,TCP,64,in,0.000912 
35434,2823.053418,147.32.83.234,10.8.0.61,TCP,52,in,0.021893 
35435,2823.318969,147.32.83.234,10.8.0.61,TCP,59,in,0.265551 
35436,2823.372221,10.8.0.61,147.32.83.234,TCP,52,out,0.053252 
35437,2823.488007,10.8.0.61,147.32.83.234,TCP,1401,out,0.115786 
35438,2823.488042,10.8.0.1,10.8.0.61,ICMP,576,in,0.000035 
35439,2823.488809,10.8.0.61,147.32.83.234,TCP,1401,out,0.000767 
35440,2823.488837,10.8.0.1,10.8.0.61,ICMP,576,in,0.000028 
35441,2823.489053,10.8.0.61,147.32.83.234,TCP,1401,out,0.000216 
35442,2823.489081,10.8.0.1,10.8.0.61,ICMP,576,in,0.000028 
35443,2823.489109,10.8.0.61,147.32.83.234,TCP,1401,out,0.000028 
35444,2823.489125,10.8.0.1,10.8.0.61,ICMP,576,in,0.000016 
35445,2823.489145,10.8.0.61,147.32.83.234,TCP,1401,out,0.000020 
35446,2823.489157,10.8.0.1,10.8.0.61,ICMP,576,in,0.000012 
35447,2823.489563,10.8.0.61,147.32.83.234,TCP,1401,out,0.000406 
35448,2823.489604,10.8.0.1,10.8.0.61,ICMP,576,in,0.000041 
35449,2823.48963,10.8.0.61,147.32.83.234,TCP,1401,out,0.000026 
35450,2823.489643,10.8.0.1,10.8.0.61,ICMP,576,in,0.000013 
35451,2823.489664,10.8.0.61,147.32.83.234,TCP,1401,out,0.000021 
35452,2823.489676,10.8.0.1,10.8.0.61,ICMP,576,in,0.000012 
35453,2823.489696,10.8.0.61,147.32.83.234,TCP,1401,out,0.000020 
35454,2823.489707,10.8.0.1,10.8.0.61,ICMP,576,in,0.000011 
35455,2823.490019,10.8.0.61,147.32.83.234,TCP,1401,out,0.000312 
35456,2823.490047,10.8.0.1,10.8.0.61,ICMP,576,in,0.000028 
35457,2823.492356,10.8.0.61,147.32.83.234,TCP,1400,out,0.002309 
35458,2823.49302,10.8.0.61,147.32.83.234,TCP,1400,out,0.000664 
35459,2823.493075,10.8.0.61,147.32.83.234,TCP,54,out,0.000055 
35460,2823.493112,10.8.0.61,147.32.83.234,TCP,1400,out,0.000037 
35461,2823.493387,10.8.0.61,147.32.83.234,TCP,1400,out,0.000275 
35462,2823.493442,10.8.0.61,147.32.83.234,TCP,54,out,0.000055 
35463,2823.493479,10.8.0.61,147.32.83.234,TCP,1400,out,0.000037 
35464,2823.493692,10.8.0.61,147.32.83.234,TCP,1400,out,0.000213 
35465,2823.493745,10.8.0.61,147.32.83.234,TCP,54,out,0.000053 
35466,2823.49393,147.32.83.234,10.8.0.61,TCP,52,in,0.000185 
35467,2823.49405,10.8.0.61,147.32.83.234,TCP,1400,out,0.000120 
35468,2823.494187,147.32.83.234,10.8.0.61,TCP,52,in,0.000137 
35469,2823.494528,147.32.83.234,10.8.0.61,TCP,52,in,0.000341 
35470,2823.495079,147.32.83.234,10.8.0.61,TCP,52,in,0.000551 
35471,2823.496086,10.8.0.61,147.32.83.234,TCP,1400,out,0.001007 
35472,2823.49642,10.8.0.61,147.32.83.234,TCP,54,out,0.000334 
35473,2823.496642,10.8.0.61,147.32.83.234,TCP,1400,out,0.000222 
35474,2823.497036,10.8.0.61,147.32.83.234,TCP,1400,out,0.000394 
35475,2823.497258,10.8.0.61,147.32.83.234,TCP,1400,out,0.000222 
35476,2823.497337,147.32.83.234,10.8.0.61,TCP,52,in,0.000079 
35477,2823.497953,10.8.0.61,147.32.83.234,TCP,1400,out,0.000616 
35478,2823.498012,10.8.0.61,147.32.83.234,TCP,1400,out,0.000059 
35479,2823.498106,147.32.83.234,10.8.0.61,TCP,52,in,0.000094 
35480,2823.498234,10.8.0.61,147.32.83.234,TCP,1400,out,0.000128 
35481,2823.498254,147.32.83.234,10.8.0.61,TCP,64,in,0.000020 
35482,2823.498272,10.8.0.61,147.32.83.234,TCP,54,out,0.000018 
35483,2823.498374,10.8.0.61,147.32.83.234,TCP,1400,out,0.000102 
35484,2823.498424,10.8.0.61,147.32.83.234,TCP,1400,out,0.000050 
35485,2823.498643,10.8.0.61,147.32.83.234,TCP,1400,out,0.000219 
35486,2823.498857,10.8.0.61,147.32.83.234,TCP,1400,out,0.000214 
35487,2823.498975,147.32.83.234,10.8.0.61,TCP,64,in,0.000118 
35488,2823.498987,147.32.83.234,10.8.0.61,TCP,64,in,0.000012 
35489,2823.499093,10.8.0.61,147.32.83.234,TCP,1400,out,0.000106 
35490,2823.499094,147.32.83.234,10.8.0.61,TCP,64,in,0.000001 
35491,2823.499131,10.8.0.61,147.32.83.234,TCP,1400,out,0.000037 
35492,2823.499159,147.32.83.234,10.8.0.61,TCP,52,in,0.000028 
35493,2823.499163,10.8.0.61,147.32.83.234,TCP,1400,out,0.000004 
35494,2823.499163,147.32.83.234,10.8.0.61,TCP,52,in,0.000000 
35495,2823.499195,10.8.0.61,147.32.83.234,TCP,1400,out,0.000032 
35496,2823.499384,147.32.83.234,10.8.0.61,TCP,52,in,0.000189 
35497,2823.499635,10.8.0.61,147.32.83.234,TCP,1400,out,0.000251 
35498,2823.499844,147.32.83.234,10.8.0.61,TCP,52,in,0.000209 
35499,2823.500326,147.32.83.234,10.8.0.61,TCP,52,in,0.000482 
35500,2823.502144,10.8.0.61,147.32.83.234,TCP,1400,out,0.001818 
35501,2823.502542,10.8.0.61,147.32.83.234,TCP,1400,out,0.000398 
35502,2823.502844,10.8.0.61,147.32.83.234,TCP,1400,out,0.000302 
35503,2823.503041,10.8.0.61,147.32.83.234,TCP,1400,out,0.000197 
35504,2823.503352,147.32.83.234,10.8.0.61,TCP,52,in,0.000311 
35505,2823.503661,147.32.83.234,10.8.0.61,TCP,52,in,0.000309 
35506,2823.503709,10.8.0.61,147.32.83.234,TCP,1400,out,0.000048 
35507,2823.503773,10.8.0.61,147.32.83.234,TCP,1400,out,0.000064 
35508,2823.504218,10.8.0.61,147.32.83.234,TCP,1400,out,0.000445 
35509,2823.504279,10.8.0.61,147.32.83.234,TCP,1400,out,0.000061 
35510,2823.504625,147.32.83.234,10.8.0.61,TCP,52,in,0.000346 
35511,2823.504634,10.8.0.61,147.32.83.234,TCP,1400,out,0.000009 
35512,2823.505101,147.32.83.234,10.8.0.61,TCP,52,in,0.000467 
35513,2823.505217,10.8.0.61,147.32.83.234,TCP,1400,out,0.000116 
35514,2823.505563,10.8.0.61,147.32.83.234,TCP,1400,out,0.000346 
35515,2823.505623,10.8.0.61,147.32.83.234,TCP,1400,out,0.000060 
35516,2823.505661,10.8.0.61,147.32.83.234,TCP,1400,out,0.000038 
35517,2823.505751,10.8.0.61,147.32.83.234,TCP,1400,out,0.000090 
35518,2823.505966,10.8.0.61,147.32.83.234,TCP,1400,out,0.000215 
35519,2823.506002,147.32.83.234,10.8.0.61,TCP,52,in,0.000036 
35520,2823.506088,10.8.0.61,147.32.83.234,TCP,1400,out,0.000086 
35521,2823.50631,147.32.83.234,10.8.0.61,TCP,52,in,0.000222 
35522,2823.506368,10.8.0.61,147.32.83.234,TCP,1400,out,0.000058 
35523,2823.506421,10.8.0.61,147.32.83.234,TCP,1400,out,0.000053 
35524,2823.506463,10.8.0.61,147.32.83.234,TCP,1400,out,0.000042 
35525,2823.506594,147.32.83.234,10.8.0.61,TCP,52,in,0.000131 
35526,2823.506712,10.8.0.61,147.32.83.234,TCP,1400,out,0.000118 
35527,2823.506756,10.8.0.61,147.32.83.234,TCP,1400,out,0.000044 
35528,2823.506786,10.8.0.61,147.32.83.234,TCP,1400,out,0.000030 
35529,2823.506899,147.32.83.234,10.8.0.61,TCP,52,in,0.000113 
35530,2823.506984,10.8.0.61,147.32.83.234,TCP,1400,out,0.000085 
35531,2823.507194,10.8.0.61,147.32.83.234,TCP,712,out,0.000210 
35532,2823.507259,147.32.83.234,10.8.0.61,TCP,52,in,0.000065 
35533,2823.507295,147.32.83.234,10.8.0.61,TCP,52,in,0.000036 
35534,2823.507552,147.32.83.234,10.8.0.61,TCP,52,in,0.000257 
35535,2823.507726,147.32.83.234,10.8.0.61,TCP,52,in,0.000174 
35536,2823.589666,10.8.0.61,147.32.83.234,TCP,1400,out,0.081940 
35537,2823.589724,10.8.0.61,147.32.83.234,TCP,1400,out,0.000058 
35538,2823.589933,10.8.0.61,147.32.83.234,TCP,1400,out,0.000209 
35539,2823.589995,10.8.0.61,147.32.83.234,TCP,1400,out,0.000062 
35540,2823.590036,10.8.0.61,147.32.83.234,TCP,1400,out,0.000041 
35541,2823.590214,10.8.0.61,147.32.83.234,TCP,1400,out,0.000178 
35542,2823.590326,147.32.83.234,10.8.0.61,TCP,52,in,0.000112 
35543,2823.590464,10.8.0.61,147.32.83.234,TCP,1400,out,0.000138 
35544,2823.590504,10.8.0.61,147.32.83.234,TCP,1400,out,0.000040 
35545,2823.590554,147.32.83.234,10.8.0.61,TCP,52,in,0.000050 
35546,2823.590649,147.32.83.234,10.8.0.61,TCP,52,in,0.000095 
35547,2823.590999,10.8.0.61,147.32.83.234,TCP,1400,out,0.000350 
35548,2823.591051,10.8.0.61,147.32.83.234,TCP,1400,out,0.000052 
35549,2823.591147,147.32.83.234,10.8.0.61,TCP,52,in,0.000096 
35550,2823.591261,10.8.0.61,147.32.83.234,TCP,1400,out,0.000114 
35551,2823.591375,10.8.0.61,147.32.83.234,TCP,1400,out,0.000114 
35552,2823.591424,10.8.0.61,147.32.83.234,TCP,1400,out,0.000049 
35553,2823.591753,147.32.83.234,10.8.0.61,TCP,52,in,0.000329 
35554,2823.59179,10.8.0.61,147.32.83.234,TCP,1400,out,0.000037 
35555,2823.591846,10.8.0.61,147.32.83.234,TCP,1400,out,0.000056 
35556,2823.591888,10.8.0.61,147.32.83.234,TCP,1400,out,0.000042 
35557,2823.591922,10.8.0.61,147.32.83.234,TCP,1400,out,0.000034 
35558,2823.592007,147.32.83.234,10.8.0.61,TCP,52,in,0.000085 
35559,2823.592186,147.32.83.234,10.8.0.61,TCP,52,in,0.000179 
35560,2823.592447,147.32.83.234,10.8.0.61,TCP,52,in,0.000261 
35561,2823.592773,10.8.0.61,147.32.83.234,TCP,1400,out,0.000326 
35562,2823.592839,10.8.0.61,147.32.83.234,TCP,1400,out,0.000066 
35563,2823.593095,10.8.0.61,147.32.83.234,TCP,1400,out,0.000256 
35564,2823.593162,10.8.0.61,147.32.83.234,TCP,1400,out,0.000067 
35565,2823.593199,10.8.0.61,147.32.83.234,TCP,1400,out,0.000037 
35566,2823.593306,147.32.83.234,10.8.0.61,TCP,52,in,0.000107 
35567,2823.593422,10.8.0.61,147.32.83.234,TCP,1400,out,0.000116 
35568,2823.593461,10.8.0.61,147.32.83.234,TCP,1400,out,0.000039 
35569,2823.593493,10.8.0.61,147.32.83.234,TCP,1400,out,0.000032 
35570,2823.593531,147.32.83.234,10.8.0.61,TCP,52,in,0.000038 
35571,2823.593866,147.32.83.234,10.8.0.61,TCP,52,in,0.000335 
35572,2823.593939,147.32.83.234,10.8.0.61,TCP,52,in,0.000073 
35573,2823.594183,10.8.0.61,147.32.83.234,TCP,1400,out,0.000244 
35574,2823.594248,10.8.0.61,147.32.83.234,TCP,1400,out,0.000065 
35575,2823.59429,10.8.0.61,147.32.83.234,TCP,1400,out,0.000042 
35576,2823.594324,10.8.0.61,147.32.83.234,TCP,1400,out,0.000034 
35577,2823.594575,10.8.0.61,147.32.83.234,TCP,1400,out,0.000251 
35578,2823.594679,147.32.83.234,10.8.0.61,TCP,52,in,0.000104 
35579,2823.594791,10.8.0.61,147.32.83.234,TCP,1400,out,0.000112 
35580,2823.594811,147.32.83.234,10.8.0.61,TCP,52,in,0.000020 
35581,2823.59483,10.8.0.61,147.32.83.234,TCP,1400,out,0.000019 
35582,2823.594897,10.8.0.61,147.32.83.234,TCP,1400,out,0.000067 
35583,2823.594987,10.8.0.61,147.32.83.234,TCP,1400,out,0.000090 
35584,2823.595214,147.32.83.234,10.8.0.61,TCP,52,in,0.000227 
35585,2823.595356,147.32.83.234,10.8.0.61,TCP,52,in,0.000142 
35586,2823.595613,147.32.83.234,10.8.0.61,TCP,52,in,0.000257 
35587,2823.596053,10.8.0.61,147.32.83.234,TCP,1400,out,0.000440 
35588,2823.596129,10.8.0.61,147.32.83.234,TCP,1400,out,0.000076 
35589,2823.596369,10.8.0.61,147.32.83.234,TCP,1400,out,0.000240 
35590,2823.596581,10.8.0.61,147.32.83.234,TCP,1400,out,0.000212 
35591,2823.596639,10.8.0.61,147.32.83.234,TCP,1400,out,0.000058 
35592,2823.596678,10.8.0.61,147.32.83.234,TCP,1400,out,0.000039 
35593,2823.596811,147.32.83.234,10.8.0.61,TCP,52,in,0.000133 
35594,2823.596925,10.8.0.61,147.32.83.234,TCP,1400,out,0.000114 
35595,2823.596989,10.8.0.61,147.32.83.234,TCP,1400,out,0.000064 
35596,2823.597024,10.8.0.61,147.32.83.234,TCP,1400,out,0.000035 
35597,2823.597051,147.32.83.234,10.8.0.61,TCP,52,in,0.000027 
35598,2823.597123,10.8.0.61,147.32.83.234,TCP,1400,out,0.000072 
35599,2823.597157,10.8.0.61,147.32.83.234,TCP,135,out,0.000034 
35600,2823.597288,147.32.83.234,10.8.0.61,TCP,52,in,0.000131 
35601,2823.597394,10.8.0.61,147.32.83.234,TCP,135,out,0.000106 
35602,2823.597486,147.32.83.234,10.8.0.61,TCP,52,in,0.000092 
35603,2823.597676,147.32.83.234,10.8.0.61,TCP,64,in,0.000190 
35604,2823.597717,147.32.83.234,10.8.0.61,TCP,52,in,0.000041 
35605,2823.597722,147.32.83.234,10.8.0.61,TCP,64,in,0.000005 
35606,2823.687192,10.8.0.61,147.32.83.234,TCP,1400,out,0.089470 
35607,2823.687249,10.8.0.61,147.32.83.234,TCP,1400,out,0.000057 
35608,2823.687481,10.8.0.61,147.32.83.234,TCP,1400,out,0.000232 
35609,2823.687579,10.8.0.61,147.32.83.234,TCP,1400,out,0.000098 
35610,2823.68789,147.32.83.234,10.8.0.61,TCP,52,in,0.000311 
35611,2823.688187,147.32.83.234,10.8.0.61,TCP,52,in,0.000297 
35612,2823.690298,10.8.0.61,147.32.83.234,TCP,1400,out,0.002111 
35613,2823.690355,10.8.0.61,147.32.83.234,TCP,1400,out,0.000057 
35614,2823.690595,10.8.0.61,147.32.83.234,TCP,1400,out,0.000240 
35615,2823.690669,10.8.0.61,147.32.83.234,TCP,1400,out,0.000074 
35616,2823.690708,10.8.0.61,147.32.83.234,TCP,1400,out,0.000039 
35617,2823.690968,10.8.0.61,147.32.83.234,TCP,1400,out,0.000260 
35618,2823.690991,147.32.83.234,10.8.0.61,TCP,52,in,0.000023 
35619,2823.691082,10.8.0.61,147.32.83.234,TCP,1400,out,0.000091 
35620,2823.691123,10.8.0.61,147.32.83.234,TCP,1400,out,0.000041 
35621,2823.691205,147.32.83.234,10.8.0.61,TCP,52,in,0.000082 
35622,2823.691238,10.8.0.61,147.32.83.234,TCP,1400,out,0.000033 
35623,2823.691297,10.8.0.61,147.32.83.234,TCP,1400,out,0.000059 
35624,2823.691494,147.32.83.234,10.8.0.61,TCP,52,in,0.000197 
35625,2823.691627,10.8.0.61,147.32.83.234,TCP,1400,out,0.000133 
35626,2823.691688,10.8.0.61,147.32.83.234,TCP,1400,out,0.000061 
35627,2823.691728,10.8.0.61,147.32.83.234,TCP,1400,out,0.000040 
35628,2823.691753,147.32.83.234,10.8.0.61,TCP,52,in,0.000025 
35629,2823.691792,10.8.0.61,147.32.83.234,TCP,1400,out,0.000039 
35630,2823.691828,10.8.0.61,147.32.83.234,TCP,1400,out,0.000036 
35631,2823.691979,147.32.83.234,10.8.0.61,TCP,52,in,0.000151 
35632,2823.692097,10.8.0.61,147.32.83.234,TCP,1400,out,0.000118 
35633,2823.692155,10.8.0.61,147.32.83.234,TCP,1400,out,0.000058 
35634,2823.692192,10.8.0.61,147.32.83.234,TCP,1400,out,0.000037 
35635,2823.692278,147.32.83.234,10.8.0.61,TCP,52,in,0.000086 
35636,2823.692478,147.32.83.234,10.8.0.61,TCP,52,in,0.000200 
35637,2823.692493,10.8.0.61,147.32.83.234,TCP,1400,out,0.000015 
35638,2823.692554,10.8.0.61,147.32.83.234,TCP,1400,out,0.000061 
35639,2823.692592,10.8.0.61,147.32.83.234,TCP,1400,out,0.000038 
35640,2823.692632,147.32.83.234,10.8.0.61,TCP,52,in,0.000040 
35641,2823.692806,10.8.0.61,147.32.83.234,TCP,1400,out,0.000174 
35642,2823.692866,10.8.0.61,147.32.83.234,TCP,1400,out,0.000060 
35643,2823.692903,10.8.0.61,147.32.83.234,TCP,1400,out,0.000037 
35644,2823.692992,147.32.83.234,10.8.0.61,TCP,52,in,0.000089 
35645,2823.693117,10.8.0.61,147.32.83.234,TCP,1400,out,0.000125 
35646,2823.693197,147.32.83.234,10.8.0.61,TCP,52,in,0.000080 
35647,2823.693318,10.8.0.61,147.32.83.234,TCP,1400,out,0.000121 
35648,2823.693344,147.32.83.234,10.8.0.61,TCP,52,in,0.000026 
35649,2823.693361,10.8.0.61,147.32.83.234,TCP,1400,out,0.000017 
35650,2823.693424,10.8.0.61,147.32.83.234,TCP,1400,out,0.000063 
35651,2823.69346,10.8.0.61,147.32.83.234,TCP,1400,out,0.000036 
35652,2823.693581,10.8.0.61,147.32.83.234,TCP,1400,out,0.000121 
35653,2823.693788,147.32.83.234,10.8.0.61,TCP,52,in,0.000207 
35654,2823.693892,147.32.83.234,10.8.0.61,TCP,52,in,0.000104 
35655,2823.693906,10.8.0.61,147.32.83.234,TCP,1400,out,0.000014 
35656,2823.693948,147.32.83.234,10.8.0.61,TCP,52,in,0.000042 
35657,2823.693996,10.8.0.61,147.32.83.234,TCP,1400,out,0.000048 
35658,2823.694033,10.8.0.61,147.32.83.234,TCP,1400,out,0.000037 
35659,2823.694063,10.8.0.61,147.32.83.234,TCP,238,out,0.000030 
35660,2823.694252,147.32.83.234,10.8.0.61,TCP,52,in,0.000189 
35661,2823.694508,147.32.83.234,10.8.0.61,TCP,52,in,0.000256 
35662,2823.694561,147.32.83.234,10.8.0.61,TCP,52,in,0.000053 
35663,2823.787486,10.8.0.61,147.32.83.234,TCP,1400,out,0.092925 
35664,2823.787543,10.8.0.61,147.32.83.234,TCP,1400,out,0.000057 
35665,2823.787725,10.8.0.61,147.32.83.234,TCP,1400,out,0.000182 
35666,2823.787937,10.8.0.61,147.32.83.234,TCP,1400,out,0.000212 
35667,2823.787996,10.8.0.61,147.32.83.234,TCP,1400,out,0.000059 
35668,2823.788035,10.8.0.61,147.32.83.234,TCP,1400,out,0.000039 
35669,2823.788279,147.32.83.234,10.8.0.61,TCP,52,in,0.000244 
35670,2823.788328,10.8.0.61,147.32.83.234,TCP,1400,out,0.000049 
35671,2823.788387,10.8.0.61,147.32.83.234,TCP,1400,out,0.000059 
35672,2823.788543,147.32.83.234,10.8.0.61,TCP,52,in,0.000156 
35673,2823.788645,147.32.83.234,10.8.0.61,TCP,52,in,0.000102 
35674,2823.78873,10.8.0.61,147.32.83.234,TCP,1400,out,0.000085 
35675,2823.788944,147.32.83.234,10.8.0.61,TCP,52,in,0.000214 
35676,2823.789016,10.8.0.61,147.32.83.234,TCP,1400,out,0.000072 
35677,2823.789068,10.8.0.61,147.32.83.234,TCP,1400,out,0.000052 
35678,2823.789301,10.8.0.61,147.32.83.234,TCP,1400,out,0.000233 
35679,2823.789353,10.8.0.61,147.32.83.234,TCP,1400,out,0.000052 
35680,2823.789391,10.8.0.61,147.32.83.234,TCP,1400,out,0.000038 
35681,2823.789516,10.8.0.61,147.32.83.234,TCP,1400,out,0.000125 
35682,2823.789649,147.32.83.234,10.8.0.61,TCP,52,in,0.000133 
35683,2823.789756,10.8.0.61,147.32.83.234,TCP,1400,out,0.000107 
35684,2823.789798,10.8.0.61,147.32.83.234,TCP,1400,out,0.000042 
35685,2823.789816,147.32.83.234,10.8.0.61,TCP,52,in,0.000018 
35686,2823.789959,147.32.83.234,10.8.0.61,TCP,52,in,0.000143 
35687,2823.790194,147.32.83.234,10.8.0.61,TCP,52,in,0.000235 
35688,2823.79056,10.8.0.61,147.32.83.234,TCP,1400,out,0.000366 
35689,2823.790638,10.8.0.61,147.32.83.234,TCP,1400,out,0.000078 
35690,2823.790797,10.8.0.61,147.32.83.234,TCP,1400,out,0.000159 
35691,2823.790989,10.8.0.61,147.32.83.234,TCP,1400,out,0.000192 
35692,2823.791039,10.8.0.61,147.32.83.234,TCP,1400,out,0.000050 
35693,2823.79119,10.8.0.61,147.32.83.234,TCP,1400,out,0.000151 
35694,2823.791238,147.32.83.234,10.8.0.61,TCP,52,in,0.000048 
35695,2823.791247,10.8.0.61,147.32.83.234,TCP,1400,out,0.000009 
35696,2823.791332,10.8.0.61,147.32.83.234,TCP,1400,out,0.000085 
35697,2823.791418,147.32.83.234,10.8.0.61,TCP,52,in,0.000086 
35698,2823.791586,147.32.83.234,10.8.0.61,TCP,52,in,0.000168 
35699,2823.79185,147.32.83.234,10.8.0.61,TCP,52,in,0.000264 
35700,2823.791869,10.8.0.61,147.32.83.234,TCP,1400,out,0.000019 
35701,2823.791976,10.8.0.61,147.32.83.234,TCP,1400,out,0.000107 
35702,2823.792134,10.8.0.61,147.32.83.234,TCP,1400,out,0.000158 
35703,2823.792187,10.8.0.61,147.32.83.234,TCP,1400,out,0.000053 
35704,2823.792438,10.8.0.61,147.32.83.234,TCP,1400,out,0.000251 
35705,2823.792533,147.32.83.234,10.8.0.61,TCP,52,in,0.000095 
35706,2823.79265,10.8.0.61,147.32.83.234,TCP,1400,out,0.000117 
35707,2823.792664,147.32.83.234,10.8.0.61,TCP,52,in,0.000014 
35708,2823.792692,10.8.0.61,147.32.83.234,TCP,1400,out,0.000028 
35709,2823.792753,10.8.0.61,147.32.83.234,TCP,1400,out,0.000061 
35710,2823.792789,10.8.0.61,147.32.83.234,TCP,1400,out,0.000036 
35711,2823.793122,147.32.83.234,10.8.0.61,TCP,52,in,0.000333 
35712,2823.79332,147.32.83.234,10.8.0.61,TCP,52,in,0.000198 
35713,2823.794101,10.8.0.61,147.32.83.234,TCP,1400,out,0.000781 
35714,2823.794155,10.8.0.61,147.32.83.234,TCP,1400,out,0.000054 
35715,2823.794686,147.32.83.234,10.8.0.61,TCP,52,in,0.000531 
35716,2823.795175,10.8.0.61,147.32.83.234,TCP,1400,out,0.000489 
35717,2823.795228,10.8.0.61,147.32.83.234,TCP,1400,out,0.000053 
35718,2823.795485,10.8.0.61,147.32.83.234,TCP,1400,out,0.000257 
35719,2823.795667,10.8.0.61,147.32.83.234,TCP,1400,out,0.000182 
35720,2823.795721,10.8.0.61,147.32.83.234,TCP,1400,out,0.000054 
35721,2823.795757,10.8.0.61,147.32.83.234,TCP,481,out,0.000036 
35722,2823.795841,147.32.83.234,10.8.0.61,TCP,52,in,0.000084 
35723,2823.7962,147.32.83.234,10.8.0.61,TCP,52,in,0.000359 
35724,2823.796249,147.32.83.234,10.8.0.61,TCP,52,in,0.000049 
35725,2823.889486,10.8.0.61,147.32.83.234,TCP,1400,out,0.093237 
35726,2823.889547,10.8.0.61,147.32.83.234,TCP,1400,out,0.000061 
35727,2823.889631,10.8.0.61,147.32.83.234,TCP,1400,out,0.000084 
35728,2823.8899,10.8.0.61,147.32.83.234,TCP,1400,out,0.000269 
35729,2823.889957,10.8.0.61,147.32.83.234,TCP,1400,out,0.000057 
35730,2823.889994,10.8.0.61,147.32.83.234,TCP,1400,out,0.000037 
35731,2823.890278,10.8.0.61,147.32.83.234,TCP,1400,out,0.000284 
35732,2823.890337,10.8.0.61,147.32.83.234,TCP,1400,out,0.000059 
35733,2823.890772,10.8.0.61,147.32.83.234,TCP,1400,out,0.000435 
35734,2823.890835,10.8.0.61,147.32.83.234,TCP,1400,out,0.000063 
35735,2823.891027,147.32.83.234,10.8.0.61,TCP,52,in,0.000192 
35736,2823.891036,147.32.83.234,10.8.0.61,TCP,52,in,0.000009 
35737,2823.891153,10.8.0.61,147.32.83.234,TCP,1400,out,0.000117 
35738,2823.891204,10.8.0.61,147.32.83.234,TCP,1400,out,0.000051 
35739,2823.891241,10.8.0.61,147.32.83.234,TCP,1400,out,0.000037 
35740,2823.891276,10.8.0.61,147.32.83.234,TCP,1400,out,0.000035 
35741,2823.891583,147.32.83.234,10.8.0.61,TCP,52,in,0.000307 
35742,2823.891611,10.8.0.61,147.32.83.234,TCP,1400,out,0.000028 
35743,2823.891711,10.8.0.61,147.32.83.234,TCP,1400,out,0.000100 
35744,2823.891751,10.8.0.61,147.32.83.234,TCP,1400,out,0.000040 
35745,2823.891961,147.32.83.234,10.8.0.61,TCP,52,in,0.000210 
35746,2823.89216,147.32.83.234,10.8.0.61,TCP,52,in,0.000199 
35747,2823.892264,147.32.83.234,10.8.0.61,TCP,52,in,0.000104 
35748,2823.898039,10.8.0.61,147.32.83.234,TCP,1400,out,0.005775 
35749,2823.8981,10.8.0.61,147.32.83.234,TCP,1400,out,0.000061 
35750,2823.89838,10.8.0.61,147.32.83.234,TCP,1400,out,0.000280 
35751,2823.89844,10.8.0.61,147.32.83.234,TCP,1400,out,0.000060 
35752,2823.898474,10.8.0.61,147.32.83.234,TCP,1400,out,0.000034 
35753,2823.898696,10.8.0.61,147.32.83.234,TCP,1400,out,0.000222 
35754,2823.898908,10.8.0.61,147.32.83.234,TCP,1400,out,0.000212 
35755,2823.898923,147.32.83.234,10.8.0.61,TCP,52,in,0.000015 
35756,2823.899112,147.32.83.234,10.8.0.61,TCP,52,in,0.000189 
35757,2823.899368,10.8.0.61,147.32.83.234,TCP,1400,out,0.000256 
35758,2823.899445,10.8.0.61,147.32.83.234,TCP,1400,out,0.000077 
35759,2823.899567,147.32.83.234,10.8.0.61,TCP,52,in,0.000122 
35760,2823.899673,10.8.0.61,147.32.83.234,TCP,1400,out,0.000106 
35761,2823.899974,10.8.0.61,147.32.83.234,TCP,1400,out,0.000301 
35762,2823.900027,10.8.0.61,147.32.83.234,TCP,1400,out,0.000053 
35763,2823.900096,10.8.0.61,147.32.83.234,TCP,1400,out,0.000069 
35764,2823.900144,10.8.0.61,147.32.83.234,TCP,1400,out,0.000048 
35765,2823.900221,147.32.83.234,10.8.0.61,TCP,52,in,0.000077 
35766,2823.900334,10.8.0.61,147.32.83.234,TCP,1400,out,0.000113 
35767,2823.900535,10.8.0.61,147.32.83.234,TCP,1400,out,0.000201 
35768,2823.900588,10.8.0.61,147.32.83.234,TCP,1400,out,0.000053 
35769,2823.900621,10.8.0.61,147.32.83.234,TCP,1400,out,0.000033 
35770,2823.900766,10.8.0.61,147.32.83.234,TCP,1400,out,0.000145 
35771,2823.900845,147.32.83.234,10.8.0.61,TCP,52,in,0.000079 
35772,2823.90096,10.8.0.61,147.32.83.234,TCP,1400,out,0.000115 
35773,2823.901024,147.32.83.234,10.8.0.61,TCP,52,in,0.000064 
35774,2823.901149,147.32.83.234,10.8.0.61,TCP,52,in,0.000125 
35775,2823.901417,10.8.0.61,147.32.83.234,TCP,1400,out,0.000268 
35776,2823.901465,10.8.0.61,147.32.83.234,TCP,1400,out,0.000048 
35777,2823.901545,147.32.83.234,10.8.0.61,TCP,52,in,0.000080 
35778,2823.901665,10.8.0.61,147.32.83.234,TCP,1400,out,0.000120 
35779,2823.901806,10.8.0.61,147.32.83.234,TCP,1400,out,0.000141 
35780,2823.901856,10.8.0.61,147.32.83.234,TCP,1400,out,0.000050 
35781,2823.902111,10.8.0.61,147.32.83.234,TCP,1400,out,0.000255 
35782,2823.902216,147.32.83.234,10.8.0.61,TCP,52,in,0.000105 
35783,2823.902316,10.8.0.61,147.32.83.234,TCP,1400,out,0.000100 
35784,2823.902351,10.8.0.61,147.32.83.234,TCP,550,out,0.000035 
35785,2823.902458,147.32.83.234,10.8.0.61,TCP,52,in,0.000107 
35786,2823.902961,147.32.83.234,10.8.0.61,TCP,52,in,0.000503 
35787,2824.010482,10.8.0.61,147.32.83.234,TCP,1400,out,0.107521 
35788,2824.01054,10.8.0.61,147.32.83.234,TCP,1400,out,0.000058 
35789,2824.010784,10.8.0.61,147.32.83.234,TCP,1400,out,0.000244 
35790,2824.010841,10.8.0.61,147.32.83.234,TCP,1400,out,0.000057 
35791,2824.010878,10.8.0.61,147.32.83.234,TCP,1400,out,0.000037 
35792,2824.011407,10.8.0.61,147.32.83.234,TCP,1400,out,0.000529 
35793,2824.011513,10.8.0.61,147.32.83.234,TCP,1400,out,0.000106 
35794,2824.011622,147.32.83.234,10.8.0.61,TCP,52,in,0.000109 
35795,2824.011731,147.32.83.234,10.8.0.61,TCP,52,in,0.000109 
35796,2824.011759,10.8.0.61,147.32.83.234,TCP,1400,out,0.000028 
35797,2824.011816,10.8.0.61,147.32.83.234,TCP,1400,out,0.000057 
35798,2824.012139,147.32.83.234,10.8.0.61,TCP,52,in,0.000323 
35799,2824.012486,147.32.83.234,10.8.0.61,TCP,52,in,0.000347 
35800,2824.013775,10.8.0.61,147.32.83.234,TCP,1400,out,0.001289 
35801,2824.013833,10.8.0.61,147.32.83.234,TCP,1400,out,0.000058 
35802,2824.014094,10.8.0.61,147.32.83.234,TCP,1400,out,0.000261 
35803,2824.014153,10.8.0.61,147.32.83.234,TCP,1400,out,0.000059 
35804,2824.01419,10.8.0.61,147.32.83.234,TCP,1400,out,0.000037 
35805,2824.014457,10.8.0.61,147.32.83.234,TCP,1400,out,0.000267 
35806,2824.014514,10.8.0.61,147.32.83.234,TCP,1400,out,0.000057 
35807,2824.014551,10.8.0.61,147.32.83.234,TCP,1400,out,0.000037 
35808,2824.014861,147.32.83.234,10.8.0.61,TCP,52,in,0.000310 
35809,2824.015,147.32.83.234,10.8.0.61,TCP,52,in,0.000139 
35810,2824.015128,10.8.0.61,147.32.83.234,TCP,1400,out,0.000128 
35811,2824.015193,10.8.0.61,147.32.83.234,TCP,1400,out,0.000065 
35812,2824.015377,147.32.83.234,10.8.0.61,TCP,52,in,0.000184 
35813,2824.015398,10.8.0.61,147.32.83.234,TCP,1400,out,0.000021 
35814,2824.015516,10.8.0.61,147.32.83.234,TCP,1400,out,0.000118 
35815,2824.015635,10.8.0.61,147.32.83.234,TCP,1400,out,0.000119 
35816,2824.015689,10.8.0.61,147.32.83.234,TCP,1400,out,0.000054 
35817,2824.015882,147.32.83.234,10.8.0.61,TCP,52,in,0.000193 
35818,2824.016003,147.32.83.234,10.8.0.61,TCP,52,in,0.000121 
35819,2824.01602,10.8.0.61,147.32.83.234,TCP,1400,out,0.000017 
35820,2824.016063,10.8.0.61,147.32.83.234,TCP,1400,out,0.000043 
35821,2824.016234,10.8.0.61,147.32.83.234,TCP,1400,out,0.000171 
35822,2824.01629,10.8.0.61,147.32.83.234,TCP,1400,out,0.000056 
35823,2824.016413,147.32.83.234,10.8.0.61,TCP,52,in,0.000123 
35824,2824.016505,10.8.0.61,147.32.83.234,TCP,1400,out,0.000092 
35825,2824.016675,147.32.83.234,10.8.0.61,TCP,52,in,0.000170 
35826,2824.016794,10.8.0.61,147.32.83.234,TCP,1400,out,0.000119 
35827,2824.016856,10.8.0.61,147.32.83.234,TCP,1400,out,0.000062 
35828,2824.016996,147.32.83.234,10.8.0.61,TCP,52,in,0.000140 
35829,2824.017283,10.8.0.61,147.32.83.234,TCP,1400,out,0.000287 
35830,2824.017353,10.8.0.61,147.32.83.234,TCP,1400,out,0.000070 
35831,2824.017426,147.32.83.234,10.8.0.61,TCP,52,in,0.000073 
35832,2824.017577,10.8.0.61,147.32.83.234,TCP,1400,out,0.000151 
35833,2824.01776,10.8.0.61,147.32.83.234,TCP,1400,out,0.000183 
35834,2824.017817,10.8.0.61,147.32.83.234,TCP,1400,out,0.000057 
35835,2824.017866,147.32.83.234,10.8.0.61,TCP,52,in,0.000049 
35836,2824.018139,147.32.83.234,10.8.0.61,TCP,52,in,0.000273 
35837,2824.018242,10.8.0.61,147.32.83.234,TCP,1400,out,0.000103 
35838,2824.018301,10.8.0.61,147.32.83.234,TCP,1400,out,0.000059 
35839,2824.018337,10.8.0.61,147.32.83.234,TCP,1400,out,0.000036 
35840,2824.018459,10.8.0.61,147.32.83.234,TCP,1400,out,0.000122 
35841,2824.01851,10.8.0.61,147.32.83.234,TCP,1400,out,0.000051 
35842,2824.018544,10.8.0.61,147.32.83.234,TCP,1400,out,0.000034 
35843,2824.018682,147.32.83.234,10.8.0.61,TCP,52,in,0.000138 
35844,2824.018778,10.8.0.61,147.32.83.234,TCP,1400,out,0.000096 
35845,2824.018885,147.32.83.234,10.8.0.61,TCP,52,in,0.000107 
35846,2824.018981,10.8.0.61,147.32.83.234,TCP,1400,out,0.000096 
35847,2824.019015,147.32.83.234,10.8.0.61,TCP,52,in,0.000034 
35848,2824.019254,147.32.83.234,10.8.0.61,TCP,52,in,0.000239 
35849,2824.019485,147.32.83.234,10.8.0.61,TCP,52,in,0.000231 
35850,2824.020422,10.8.0.61,147.32.83.234,TCP,704,out,0.000937 
35851,2824.151732,10.8.0.61,147.32.83.234,TCP,1400,out,0.131310 
35852,2824.15179,10.8.0.61,147.32.83.234,TCP,1400,out,0.000058 
35853,2824.152033,10.8.0.61,147.32.83.234,TCP,1400,out,0.000243 
35854,2824.152092,10.8.0.61,147.32.83.234,TCP,1400,out,0.000059 
35855,2824.152129,10.8.0.61,147.32.83.234,TCP,1400,out,0.000037 
35856,2824.152402,10.8.0.61,147.32.83.234,TCP,1400,out,0.000273 
35857,2824.152459,10.8.0.61,147.32.83.234,TCP,1400,out,0.000057 
35858,2824.152496,10.8.0.61,147.32.83.234,TCP,1400,out,0.000037 
35859,2824.152851,147.32.83.234,10.8.0.61,TCP,52,in,0.000355 
35860,2824.153173,10.8.0.61,147.32.83.234,TCP,1400,out,0.000322 
35861,2824.153226,10.8.0.61,147.32.83.234,TCP,1400,out,0.000053 
35862,2824.153263,10.8.0.61,147.32.83.234,TCP,1400,out,0.000037 
35863,2824.153364,147.32.83.234,10.8.0.61,TCP,52,in,0.000101 
35864,2824.15348,10.8.0.61,147.32.83.234,TCP,1400,out,0.000116 
35865,2824.153539,10.8.0.61,147.32.83.234,TCP,1400,out,0.000059 
35866,2824.153609,10.8.0.61,147.32.83.234,TCP,1400,out,0.000070 
35867,2824.153646,10.8.0.61,147.32.83.234,TCP,1400,out,0.000037 
35868,2824.153947,10.8.0.61,147.32.83.234,TCP,1400,out,0.000301 
35869,2824.154004,10.8.0.61,147.32.83.234,TCP,1400,out,0.000057 
35870,2824.154061,147.32.83.234,10.8.0.61,TCP,52,in,0.000057 
35871,2824.154361,147.32.83.234,10.8.0.61,TCP,52,in,0.000300 
35872,2824.154581,147.32.83.234,10.8.0.61,TCP,52,in,0.000220 
35873,2824.154687,10.8.0.61,147.32.83.234,TCP,1400,out,0.000106 
35874,2824.154749,10.8.0.61,147.32.83.234,TCP,1400,out,0.000062 
35875,2824.154837,10.8.0.61,147.32.83.234,TCP,1400,out,0.000088 
35876,2824.155115,10.8.0.61,147.32.83.234,TCP,1400,out,0.000278 
35877,2824.155331,10.8.0.61,147.32.83.234,TCP,1400,out,0.000216 
35878,2824.15539,10.8.0.61,147.32.83.234,TCP,1400,out,0.000059 
35879,2824.155428,10.8.0.61,147.32.83.234,TCP,1400,out,0.000038 
35880,2824.155562,147.32.83.234,10.8.0.61,TCP,52,in,0.000134 
35881,2824.155669,10.8.0.61,147.32.83.234,TCP,1400,out,0.000107 
35882,2824.155743,147.32.83.234,10.8.0.61,TCP,52,in,0.000074 
35883,2824.156001,147.32.83.234,10.8.0.61,TCP,52,in,0.000258 
35884,2824.156116,10.8.0.61,147.32.83.234,TCP,1400,out,0.000115 
35885,2824.156398,10.8.0.61,147.32.83.234,TCP,1400,out,0.000282 
35886,2824.156457,10.8.0.61,147.32.83.234,TCP,1400,out,0.000059 
35887,2824.156494,10.8.0.61,147.32.83.234,TCP,1400,out,0.000037 
35888,2824.156526,147.32.83.234,10.8.0.61,TCP,52,in,0.000032 
35889,2824.156613,10.8.0.61,147.32.83.234,TCP,1400,out,0.000087 
35890,2824.156836,10.8.0.61,147.32.83.234,TCP,1400,out,0.000223 
35891,2824.156893,10.8.0.61,147.32.83.234,TCP,1400,out,0.000057 
35892,2824.156929,10.8.0.61,147.32.83.234,TCP,1400,out,0.000036 
35893,2824.157125,10.8.0.61,147.32.83.234,TCP,1400,out,0.000196 
35894,2824.157313,10.8.0.61,147.32.83.234,TCP,1400,out,0.000188 
35895,2824.15738,147.32.83.234,10.8.0.61,TCP,52,in,0.000067 
35896,2824.157477,10.8.0.61,147.32.83.234,TCP,1400,out,0.000097 
35897,2824.157533,10.8.0.61,147.32.83.234,TCP,1400,out,0.000056 
35898,2824.157609,10.8.0.61,147.32.83.234,TCP,1400,out,0.000076 
35899,2824.157611,147.32.83.234,10.8.0.61,TCP,52,in,0.000002 
35900,2824.157684,10.8.0.61,147.32.83.234,TCP,1400,out,0.000073 
35901,2824.158013,10.8.0.61,147.32.83.234,TCP,1400,out,0.000329 
35902,2824.158075,10.8.0.61,147.32.83.234,TCP,1400,out,0.000062 
35903,2824.158307,10.8.0.61,147.32.83.234,TCP,1400,out,0.000232 
35904,2824.158317,147.32.83.234,10.8.0.61,TCP,52,in,0.000010 
35905,2824.1584,10.8.0.61,147.32.83.234,TCP,1400,out,0.000083 
35906,2824.158538,147.32.83.234,10.8.0.61,TCP,52,in,0.000138 
35907,2824.158659,10.8.0.61,147.32.83.234,TCP,1400,out,0.000121 
35908,2824.158714,10.8.0.61,147.32.83.234,TCP,1002,out,0.000055 
35909,2824.158797,147.32.83.234,10.8.0.61,TCP,52,in,0.000083 
35910,2824.158905,147.32.83.234,10.8.0.61,TCP,52,in,0.000108 
